q,開始日時,返却日時,利用料金,開始ステーション名,返却ステーション名
0,2022-04-01 00:03:15,2022-04-01 00:11:02,77,研究学園駅,東光台東交差点（BLANDE研究学園店）
1,2022-04-01 08:04:31,2022-04-01 13:29:23,77,二の宮公園,つくば駅（中央公園）
2,2022-04-01 08:30:51,2022-04-01 08:34:19,77,研究学園駅,つくば市役所
3,2022-04-01 08:45:58,2022-04-01 08:56:05,77,つくば駅（中央公園）,二の宮公園
4,2022-04-01 09:28:40,2022-04-01 09:37:33,77,研究学園駅,東光台東交差点（BLANDE研究学園店）
5,2022-04-01 09:32:40,2022-04-01 09:43:12,77,二の宮公園,つくば駅（中央公園）
6,2022-04-01 10:29:31,2022-04-01 16:09:59,1500,ファミリーマートつくば葛城店,つくば駅（中央公園）
7,2022-04-01 10:41:59,2022-04-01 10:50:02,77,イーアスつくば,東光台東交差点（BLANDE研究学園店）
8,2022-04-01 11:42:58,2022-04-01 14:53:59,1001,つくば駅（中央公園）,カスミ筑波大学店
9,2022-04-01 12:43:47,2022-04-01 12:54:52,77,カスミ筑波大学店,つくば駅（中央公園）
10,2022-04-01 12:44:15,2022-04-01 14:10:03,462,デイズタウン,研究学園駅
11,2022-04-01 13:06:02,2022-04-01 13:16:35,77,東光台東交差点（BLANDE研究学園店）,研究学園駅
12,2022-04-01 13:12:23,2022-04-01 13:22:33,77,イーアスつくば,ZOZOBASEつくば１
13,2022-04-01 13:17:13,2022-04-01 13:25:54,77,つくば市役所,ZOZOBASEつくば１
14,2022-04-01 13:25:32,2022-04-01 14:47:01,462,つくば駅（中央公園）,つくば駅（中央公園）
15,2022-04-01 13:33:57,2022-04-01 22:27:49,1808,研究学園駅,研究学園駅
16,2022-04-01 15:20:48,2022-04-01 15:28:20,77,研究学園駅,東光台東交差点（BLANDE研究学園店）
17,2022-04-01 15:58:36,2022-04-01 16:44:45,308,デイズタウン,つくば駅（中央公園）
18,2022-04-01 16:20:46,2022-04-01 17:29:15,385,つくば駅（中央公園）,つくば駅（中央公園）
19,2022-04-01 16:50:21,2022-04-01 17:09:33,154,ZOZOBASEつくば１,LALAガーデンつくば
20,2022-04-01 17:02:33,2022-04-01 17:13:11,77,カスミ筑波大学店,つくば駅（中央公園）
21,2022-04-01 17:02:59,2022-04-01 17:14:34,77,ZOZOBASEつくば１,イーアスつくば
22,2022-04-01 17:07:38,2022-04-01 17:32:35,154,二の宮公園,つくば駅（中央公園）
23,2022-04-01 17:34:14,2022-04-01 18:50:09,462,デイズタウン,デイズタウン
24,2022-04-01 17:40:22,2022-04-01 18:07:46,154,カスミフードスクエア学園の森店,研究学園駅
25,2022-04-01 17:43:06,2022-04-01 17:57:05,77,カスミフードスクエア学園店,LALAガーデンつくば
26,2022-04-01 17:54:02,2022-04-01 18:06:59,77,カスミ筑波大学店,イーアスつくば
27,2022-04-01 19:43:41,2022-04-01 19:59:05,154,イーアスつくば,カスミフードスクエア学園の森店
28,2022-04-01 19:44:50,2022-04-01 20:03:10,154,二の宮公園,二の宮公園
29,2022-04-01 21:23:29,2022-04-01 21:52:38,154,イーアスつくば,イーアスつくば
30,2022-04-01 21:31:02,2022-04-01 21:40:56,77,研究学園駅,東光台東交差点（BLANDE研究学園店）
31,2022-04-01 21:48:12,2022-04-01 21:55:30,77,東光台東交差点（BLANDE研究学園店）,研究学園駅
32,2022-04-01 21:48:57,2022-04-01 22:04:53,154,つくば駅（中央公園）,松代ショッピングセンター
33,2022-04-01 22:10:25,2022-04-01 22:17:47,77,研究学園駅,東光台東交差点（BLANDE研究学園店）
34,2022-04-01 22:14:55,2022-04-01 22:19:44,77,東光台東交差点（BLANDE研究学園店）,つくば市役所
35,2022-04-01 22:50:58,2022-04-01 22:57:08,77,イーアスつくば,研究学園駅
36,2022-04-01 23:48:55,2022-04-02 00:00:37,77,つくば駅（中央公園）,カスミ筑波大学店
37,2022-04-01 23:56:58,2022-04-02 00:05:15,77,研究学園駅,MeeToco 筑波ハム
38,2022-04-02 00:28:29,2022-04-02 00:37:22,77,つくば駅（中央公園）,ファミリーマートつくば葛城店
39,2022-04-02 00:45:55,2022-04-02 00:52:18,77,研究学園駅,学園南公園
40,2022-04-02 05:50:21,2022-04-02 06:37:54,308,つくば駅（中央公園）,つくば市役所
41,2022-04-02 05:51:01,2022-04-02 06:38:28,308,つくば駅（中央公園）,つくば市役所
42,2022-04-02 05:52:55,2022-04-02 06:29:04,231,つくば駅（中央公園）,東光台東交差点（BLANDE研究学園店）
43,2022-04-02 06:35:52,2022-04-02 07:48:51,385,カスミフードスクエア学園の森店,カスミフードスクエア学園の森店
44,2022-04-02 07:04:35,2022-04-02 07:11:09,77,つくば市役所,ZOZOBASEつくば１
45,2022-04-02 07:42:02,2022-04-02 07:48:59,77,つくば市役所,ZOZOBASEつくば１
46,2022-04-02 08:48:17,2022-04-02 08:55:53,77,つくば駅（中央公園）,LALAガーデンつくば
47,2022-04-02 08:57:29,2022-04-02 16:48:43,1500,つくば駅（中央公園）,ZOZOBASEつくば２
48,2022-04-02 08:58:09,2022-04-02 16:44:28,1500,つくば駅（中央公園）,ZOZOBASEつくば２
49,2022-04-02 09:44:55,2022-04-02 09:52:06,77,つくば市役所,東光台東交差点（BLANDE研究学園店）
50,2022-04-02 09:49:02,2022-04-02 09:57:51,77,カスミ筑波大学店,つくば駅（中央公園）
51,2022-04-02 09:59:25,2022-04-02 15:30:24,1500,カスミフードスクエア学園の森店,カスミフードスクエア学園の森店
52,2022-04-02 10:05:26,2022-04-02 10:36:09,231,ファミリーマート筑波記念病院前店,研究学園駅
53,2022-04-02 10:14:00,2022-04-02 16:08:55,1500,つくば駅（中央公園）,つくば駅（中央公園）
54,2022-04-02 10:15:17,2022-04-02 16:09:05,1500,つくば駅（中央公園）,つくば駅（中央公園）
55,2022-04-02 10:19:56,2022-04-02 11:43:00,462,カスミフードスクエア学園店,カスミフードスクエア学園店
56,2022-04-02 10:32:49,2022-04-02 15:21:28,1500,つくば駅（中央公園）,つくば駅（中央公園）
57,2022-04-02 10:36:40,2022-04-02 10:49:50,77,研究学園駅,MeeToco 筑波ハム
58,2022-04-02 10:47:12,2022-04-02 15:21:32,1463,つくば駅（中央公園）,つくば駅（中央公園）
59,2022-04-02 10:47:17,2022-04-02 10:57:18,77,ZOZOBASEつくば１,研究学園駅
60,2022-04-02 10:56:12,2022-04-02 11:22:27,154,科学万博記念公園,つくば駅（中央公園）
61,2022-04-02 10:56:51,2022-04-02 11:22:38,154,科学万博記念公園,つくば駅（中央公園）
62,2022-04-02 10:58:10,2022-04-02 11:08:46,77,研究学園駅,つくば市役所
63,2022-04-02 11:16:41,2022-04-02 14:07:01,924,MeeToco 筑波ハム,MeeToco 筑波ハム
64,2022-04-02 11:23:21,2022-04-02 20:55:48,2039,つくばスタートアップパーク（つくば市産業振興センター）,カスミ筑波大学店
65,2022-04-02 11:25:12,2022-04-02 11:36:57,77,つくば駅（中央公園）,つくば駅（中央公園）
66,2022-04-02 11:27:14,2022-04-02 14:48:41,1078,つくば駅（中央公園）,研究学園駅
67,2022-04-02 11:29:54,2022-04-02 14:27:24,924,つくば市役所,イーアスつくば
68,2022-04-02 11:51:44,2022-04-02 14:48:34,924,つくば駅（中央公園）,研究学園駅
69,2022-04-02 12:35:12,2022-04-02 12:42:43,77,ファミリーマートつくば葛城店,つくば駅（中央公園）
70,2022-04-02 12:44:01,2022-04-02 13:00:13,154,つくば駅（中央公園）,つくば駅（中央公園）
71,2022-04-02 12:53:21,2022-04-02 14:46:28,616,東光台東交差点（BLANDE研究学園店）,研究学園駅
72,2022-04-02 12:53:30,2022-04-02 14:46:19,616,東光台東交差点（BLANDE研究学園店）,研究学園駅
73,2022-04-02 13:03:10,2022-04-02 13:12:10,77,東光台東交差点（BLANDE研究学園店）,研究学園駅
74,2022-04-02 13:14:40,2022-04-02 13:24:16,77,MeeToco 筑波ハム,イーアスつくば
75,2022-04-02 13:27:14,2022-04-02 13:35:50,77,東光台東交差点（BLANDE研究学園店）,研究学園駅
76,2022-04-02 13:49:47,2022-04-02 16:34:04,847,つくばスタートアップパーク（つくば市産業振興センター）,つくば駅（中央公園）
77,2022-04-02 14:12:02,2022-04-02 16:03:25,616,研究学園駅,研究学園駅
78,2022-04-02 14:27:18,2022-04-02 21:13:19,1500,つくば駅（中央公園）,つくば駅（中央公園）
79,2022-04-02 14:28:21,2022-04-02 16:10:08,539,松代ショッピングセンター,松代ショッピングセンター
80,2022-04-02 14:43:46,2022-04-02 15:12:17,154,カスミ筑波大学店,イーアスつくば
81,2022-04-02 14:52:34,2022-04-02 17:15:49,770,学園南公園,つくば駅（中央公園）
82,2022-04-02 14:56:11,2022-04-02 15:33:39,231,デイズタウン,デイズタウン
83,2022-04-02 15:01:00,2022-04-02 17:09:57,693,学園南公園,ファミリーマートつくば葛城店
84,2022-04-02 15:55:13,2022-04-02 16:08:04,77,研究学園駅,東光台東交差点（BLANDE研究学園店）
85,2022-04-02 16:27:49,2022-04-02 16:38:53,77,カスミ筑波大学店,ファミリーマート筑波記念病院前店
86,2022-04-02 16:42:27,2022-04-02 17:07:51,154,二の宮公園,つくばスタートアップパーク（つくば市産業振興センター）
87,2022-04-02 18:01:07,2022-04-02 18:24:05,154,イーアスつくば,カスミ筑波大学店
88,2022-04-02 18:13:43,2022-04-02 18:28:54,154,LALAガーデンつくば,二の宮公園
89,2022-04-02 18:18:05,2022-04-02 22:19:13,1309,つくばスタートアップパーク（つくば市産業振興センター）,研究学園駅
90,2022-04-02 18:38:11,2022-04-02 18:45:15,77,LALAガーデンつくば,つくば駅（中央公園）
91,2022-04-02 19:17:52,2022-04-02 19:27:50,77,カスミフードスクエア学園店,つくば駅（中央公園）
92,2022-04-02 21:19:03,2022-04-02 21:29:43,77,つくば駅（中央公園）,ファミリーマートつくば葛城店
93,2022-04-02 21:38:18,2022-04-02 21:47:18,77,東光台東交差点（BLANDE研究学園店）,研究学園駅
94,2022-04-02 21:50:05,2022-04-03 01:30:44,1155,つくば駅（中央公園）,ファミリーマートつくば葛城店
95,2022-04-02 21:50:12,2022-04-02 22:00:45,77,つくば駅（中央公園）,カスミ筑波大学店
96,2022-04-02 21:50:18,2022-04-02 22:00:44,77,つくば駅（中央公園）,カスミ筑波大学店
97,2022-04-02 22:09:32,2022-04-02 22:19:09,77,つくば駅（中央公園）,二の宮公園
98,2022-04-02 22:45:35,2022-04-02 23:09:08,154,研究学園駅,MeeToco 筑波ハム
99,2022-04-03 06:28:41,2022-04-03 08:34:04,693,カスミフードスクエア学園の森店,カスミフードスクエア学園の森店
100,2022-04-03 07:38:22,2022-04-03 14:49:50,1500,カスミ筑波大学店,研究学園駅
101,2022-04-03 07:58:14,2022-04-03 08:10:06,77,研究学園駅,東光台東交差点（BLANDE研究学園店）
102,2022-04-03 08:08:40,2022-04-03 11:29:37,1078,研究学園駅,ZOZOBASEつくば１
103,2022-04-03 08:28:05,2022-04-03 08:39:08,77,東光台東交差点（BLANDE研究学園店）,研究学園駅
104,2022-04-03 08:48:17,2022-04-03 08:59:55,77,つくば駅（中央公園）,LALAガーデンつくば
105,2022-04-03 09:27:09,2022-04-03 09:51:47,154,つくば駅（中央公園）,ファミリーマート筑波記念病院前店
106,2022-04-03 09:35:27,2022-04-03 09:43:59,77,LALAガーデンつくば,つくば駅（中央公園）
107,2022-04-03 09:36:02,2022-04-03 09:56:24,154,研究学園駅,つくばスタートアップパーク（つくば市産業振興センター）
108,2022-04-03 09:36:03,2022-04-03 09:56:35,154,研究学園駅,つくばスタートアップパーク（つくば市産業振興センター）
109,2022-04-03 09:36:09,2022-04-03 09:56:20,154,研究学園駅,つくばスタートアップパーク（つくば市産業振興センター）
110,2022-04-03 09:56:02,2022-04-03 10:40:38,231,つくば駅（中央公園）,カスミフードスクエア学園店
111,2022-04-03 10:05:21,2022-04-03 10:19:04,77,つくばスタートアップパーク（つくば市産業振興センター）,LALAガーデンつくば
112,2022-04-03 10:56:04,2022-04-03 11:15:42,154,ZOZOBASEつくば２,つくば駅（中央公園）
113,2022-04-03 11:27:05,2022-04-03 11:35:36,77,二の宮公園,つくば駅（中央公園）
114,2022-04-03 12:01:04,2022-04-03 13:05:03,385,東光台東交差点（BLANDE研究学園店）,研究学園駅
115,2022-04-03 12:03:41,2022-04-03 12:15:45,77,ZOZOBASEつくば１,研究学園駅
116,2022-04-03 14:36:52,2022-04-03 14:49:58,77,二の宮公園,LALAガーデンつくば
117,2022-04-03 15:48:36,2022-04-03 16:03:05,77,カスミ筑波大学店,つくば駅（中央公園）
118,2022-04-03 17:23:18,2022-04-03 21:08:47,1232,研究学園駅,研究学園駅
119,2022-04-03 17:36:17,2022-04-03 17:44:06,77,研究学園駅,東光台東交差点（BLANDE研究学園店）
120,2022-04-03 19:08:55,2022-04-03 19:58:02,308,研究学園駅,ZOZOBASEつくば２
121,2022-04-03 19:46:49,2022-04-03 19:53:15,77,LALAガーデンつくば,つくば駅（中央公園）
122,2022-04-03 19:51:41,2022-04-03 20:01:37,77,つくば駅（中央公園）,カスミフードスクエア学園店
123,2022-04-03 21:25:20,2022-04-03 21:36:37,77,東光台東交差点（BLANDE研究学園店）,研究学園駅
124,2022-04-03 22:37:32,2022-04-03 22:47:04,77,カスミ筑波大学店,つくば駅（中央公園）
125,2022-04-03 23:22:59,2022-04-03 23:36:35,77,研究学園駅,カスミフードスクエア学園の森店
126,2022-04-04 11:23:53,2022-04-04 12:20:06,308,研究学園駅,研究学園駅
127,2022-04-04 11:39:00,2022-04-04 11:54:43,154,二の宮公園,LALAガーデンつくば
128,2022-04-04 14:51:28,2022-04-04 15:06:59,154,カスミ筑波大学店,デイズタウン
129,2022-04-04 19:13:08,2022-04-04 19:24:43,77,つくば駅（中央公園）,ファミリーマートつくば葛城店
130,2022-04-04 20:20:39,2022-04-04 20:28:31,77,研究学園駅,東光台東交差点（BLANDE研究学園店）
131,2022-04-04 22:53:43,2022-04-04 23:03:51,77,つくば駅（中央公園）,カスミ筑波大学店
132,2022-04-05 00:42:00,2022-04-05 00:54:36,77,研究学園駅,つくばスタートアップパーク（つくば市産業振興センター）
133,2022-04-05 06:34:44,2022-04-05 06:42:35,77,MeeToco 筑波ハム,研究学園駅
134,2022-04-05 07:37:55,2022-04-05 07:51:25,77,研究学園駅,ZOZOBASEつくば１
135,2022-04-05 07:51:04,2022-04-05 08:02:25,77,研究学園駅,ZOZOBASEつくば１
136,2022-04-05 07:58:33,2022-04-05 08:08:02,77,つくば駅（中央公園）,二の宮公園
137,2022-04-05 08:56:35,2022-04-05 09:05:14,77,つくば駅（中央公園）,LALAガーデンつくば
138,2022-04-05 09:34:22,2022-04-05 09:42:19,77,イーアスつくば,東光台東交差点（BLANDE研究学園店）
139,2022-04-05 10:13:20,2022-04-05 10:24:53,77,LALAガーデンつくば,つくば駅（中央公園）
140,2022-04-05 10:17:23,2022-04-05 10:28:40,77,イーアスつくば,ZOZOBASEつくば１
141,2022-04-05 10:23:54,2022-04-05 10:44:41,154,つくば駅（中央公園）,LALAガーデンつくば
142,2022-04-05 10:24:46,2022-04-05 10:33:07,77,MeeToco 筑波ハム,イーアスつくば
143,2022-04-05 10:33:37,2022-04-05 10:43:37,77,つくば駅（中央公園）,LALAガーデンつくば
144,2022-04-05 10:57:07,2022-04-05 11:08:55,77,カスミ筑波大学店,つくば駅（中央公園）
145,2022-04-05 11:03:27,2022-04-05 11:56:27,308,MeeToco 筑波ハム,MeeToco 筑波ハム
146,2022-04-05 11:29:15,2022-04-05 12:21:32,308,LALAガーデンつくば,つくば駅（中央公園）
147,2022-04-05 11:29:59,2022-04-05 12:21:28,308,LALAガーデンつくば,つくば駅（中央公園）
148,2022-04-05 11:38:57,2022-04-05 11:45:50,77,イーアスつくば,東光台東交差点（BLANDE研究学園店）
149,2022-04-05 12:18:02,2022-04-05 12:26:40,77,東光台東交差点（BLANDE研究学園店）,イーアスつくば
150,2022-04-05 12:23:46,2022-04-05 12:41:09,154,つくば駅（中央公園）,ZOZOBASEつくば２
151,2022-04-05 12:24:29,2022-04-05 12:41:42,154,デイズタウン,デイズタウン
152,2022-04-05 12:35:32,2022-04-05 12:48:18,77,つくば駅（中央公園）,二の宮公園
153,2022-04-05 13:04:46,2022-04-05 15:40:20,847,つくばスタートアップパーク（つくば市産業振興センター）,つくば駅（中央公園）
154,2022-04-05 13:04:50,2022-04-05 15:41:06,847,つくばスタートアップパーク（つくば市産業振興センター）,つくば駅（中央公園）
155,2022-04-05 13:40:49,2022-04-05 15:22:06,539,松代ショッピングセンター,LALAガーデンつくば
156,2022-04-05 13:49:05,2022-04-05 14:16:50,154,つくば駅（中央公園）,松代ショッピングセンター
157,2022-04-05 13:49:26,2022-04-05 14:13:51,154,つくば駅（中央公園）,カスミ筑波大学店
158,2022-04-05 13:58:16,2022-04-05 14:07:25,77,イーアスつくば,つくば市役所
159,2022-04-05 14:52:14,2022-04-05 19:48:03,1500,つくば市役所,つくば駅（中央公園）
160,2022-04-05 15:14:49,2022-04-05 16:18:31,385,ファミリーマートつくば葛城店,二の宮公園
161,2022-04-05 15:20:45,2022-04-05 15:42:57,154,カスミ筑波大学店,つくば駅（中央公園）
162,2022-04-05 15:28:19,2022-04-05 16:39:10,385,MeeToco 筑波ハム,MeeToco 筑波ハム
163,2022-04-05 15:41:07,2022-04-05 15:51:09,77,ZOZOBASEつくば１,研究学園駅
164,2022-04-05 16:18:48,2022-04-05 16:42:25,154,二の宮公園,ファミリーマートつくば葛城店
165,2022-04-05 16:54:36,2022-04-05 17:04:39,77,ZOZOBASEつくば１,研究学園駅
166,2022-04-05 18:22:30,2022-04-05 18:31:31,77,ファミリーマートつくば葛城店,つくば駅（中央公園）
167,2022-04-05 18:22:37,2022-04-05 18:29:25,77,デイズタウン,二の宮公園
168,2022-04-05 18:23:28,2022-04-05 18:49:53,154,ZOZOBASEつくば１,つくば駅（中央公園）
169,2022-04-05 18:54:34,2022-04-05 19:05:05,77,二の宮公園,つくば駅（中央公園）
170,2022-04-05 19:07:08,2022-04-05 19:23:11,154,研究学園駅,研究学園駅
171,2022-04-05 19:22:35,2022-04-05 19:30:45,77,LALAガーデンつくば,つくば駅（中央公園）
172,2022-04-05 19:38:04,2022-04-05 19:50:57,77,ZOZOBASEつくば１,研究学園駅
173,2022-04-05 20:49:38,2022-04-05 20:56:28,77,研究学園駅,東光台東交差点（BLANDE研究学園店）
174,2022-04-05 21:19:25,2022-04-05 21:30:44,77,つくば駅（中央公園）,カスミ筑波大学店
175,2022-04-05 21:45:51,2022-04-05 21:55:14,77,二の宮公園,つくば駅（中央公園）
176,2022-04-05 22:10:43,2022-04-05 22:24:45,77,研究学園駅,カスミフードスクエア学園の森店
177,2022-04-05 22:23:09,2022-04-05 22:29:29,77,研究学園駅,東光台東交差点（BLANDE研究学園店）
178,2022-04-05 22:26:34,2022-04-05 22:35:34,77,二の宮公園,つくば駅（中央公園）
179,2022-04-05 22:50:21,2022-04-05 22:59:35,77,つくば駅（中央公園）,カスミ筑波大学店
180,2022-04-05 22:50:58,2022-04-05 23:00:22,77,ファミリーマート筑波記念病院前店,東光台東交差点（BLANDE研究学園店）
181,2022-04-06 00:28:14,2022-04-06 00:39:50,77,つくば駅（中央公園）,カスミ筑波大学店
182,2022-04-06 05:59:51,2022-04-06 06:08:00,77,カスミ筑波大学店,つくば駅（中央公園）
183,2022-04-06 07:08:31,2022-04-06 07:22:03,77,ZOZOBASEつくば２,つくば駅（中央公園）
184,2022-04-06 07:58:34,2022-04-06 08:08:46,77,つくば駅（中央公園）,二の宮公園
185,2022-04-06 08:16:46,2022-04-06 08:31:17,77,つくば駅（中央公園）,カスミ筑波大学店
186,2022-04-06 08:45:52,2022-04-06 08:55:02,77,つくば駅（中央公園）,二の宮公園
187,2022-04-06 08:50:35,2022-04-06 09:01:34,77,カスミフードスクエア学園の森店,研究学園駅
188,2022-04-06 09:27:23,2022-04-06 09:36:16,77,研究学園駅,ZOZOBASEつくば１
189,2022-04-06 10:38:19,2022-04-06 12:50:22,693,つくば市役所,つくば市役所
190,2022-04-06 10:51:11,2022-04-06 11:26:00,231,つくば市役所,つくば市役所
191,2022-04-06 11:17:32,2022-04-06 11:33:54,154,LALAガーデンつくば,イーアスつくば
192,2022-04-06 12:12:06,2022-04-06 12:21:39,77,つくば駅（中央公園）,カスミ筑波大学店
193,2022-04-06 12:13:12,2022-04-06 12:56:10,231,二の宮公園,二の宮公園
194,2022-04-06 12:21:44,2022-04-06 12:28:05,77,東光台東交差点（BLANDE研究学園店）,カスミフードスクエア学園の森店
195,2022-04-06 12:22:00,2022-04-06 12:26:44,77,二の宮公園,デイズタウン
196,2022-04-06 12:41:46,2022-04-06 17:10:51,1386,研究学園駅,研究学園駅
197,2022-04-06 12:55:05,2022-04-06 13:54:05,308,つくば駅（中央公園）,つくば駅（中央公園）
198,2022-04-06 12:55:28,2022-04-06 17:15:26,1386,つくば駅（中央公園）,イーアスつくば
199,2022-04-06 13:07:17,2022-04-06 13:14:33,77,東光台東交差点（BLANDE研究学園店）,研究学園駅
200,2022-04-06 13:29:57,2022-04-06 13:49:31,154,イーアスつくば,学園南公園
201,2022-04-06 14:26:01,2022-04-06 15:13:49,308,カスミ筑波大学店,カスミ筑波大学店
202,2022-04-06 14:26:06,2022-04-06 15:13:54,308,カスミ筑波大学店,カスミ筑波大学店
203,2022-04-06 14:35:59,2022-04-06 14:56:02,154,学園南公園,LALAガーデンつくば
204,2022-04-06 15:18:55,2022-04-06 15:27:44,77,つくば駅（中央公園）,ファミリーマートつくば葛城店
205,2022-04-06 15:23:24,2022-04-06 19:58:25,1463,研究学園駅,東光台東交差点（BLANDE研究学園店）
206,2022-04-06 15:26:38,2022-04-06 16:31:20,385,ファミリーマートつくば葛城店,ファミリーマートつくば葛城店
207,2022-04-06 16:01:32,2022-04-06 16:10:21,77,ZOZOBASEつくば１,研究学園駅
208,2022-04-06 16:12:03,2022-04-06 16:29:01,154,カスミ筑波大学店,ファミリーマートつくば葛城店
209,2022-04-06 17:31:07,2022-04-06 17:39:25,77,つくばスタートアップパーク（つくば市産業振興センター）,カスミ筑波大学店
210,2022-04-06 18:17:22,2022-04-06 18:30:26,77,科学万博記念公園,東光台東交差点（BLANDE研究学園店）
211,2022-04-06 18:24:04,2022-04-06 18:27:14,77,つくば駅（中央公園）,つくばスタートアップパーク（つくば市産業振興センター）
212,2022-04-06 18:25:37,2022-04-06 18:57:32,231,ZOZOBASEつくば１,二の宮公園
213,2022-04-06 18:47:08,2022-04-06 18:56:21,77,二の宮公園,つくば駅（中央公園）
214,2022-04-06 19:24:19,2022-04-06 19:51:52,154,二の宮公園,二の宮公園
215,2022-04-06 19:24:21,2022-04-06 19:51:48,154,二の宮公園,二の宮公園
216,2022-04-06 19:35:25,2022-04-06 19:43:41,77,研究学園駅,ファミリーマートつくば葛城店
217,2022-04-06 19:49:29,2022-04-06 20:00:13,77,カスミ筑波大学店,つくば駅（中央公園）
218,2022-04-06 20:27:28,2022-04-06 20:37:17,77,二の宮公園,つくば駅（中央公園）
219,2022-04-06 20:53:21,2022-04-06 21:04:10,77,ZOZOBASEつくば１,研究学園駅
220,2022-04-06 21:31:57,2022-04-06 21:45:19,77,ファミリーマート筑波記念病院前店,東光台東交差点（BLANDE研究学園店）
221,2022-04-06 21:59:16,2022-04-06 22:06:56,77,東光台東交差点（BLANDE研究学園店）,研究学園駅
222,2022-04-06 22:04:22,2022-04-06 23:11:47,385,研究学園駅,研究学園駅
223,2022-04-06 22:34:02,2022-04-06 22:40:38,77,イーアスつくば,研究学園駅
224,2022-04-06 22:45:10,2022-04-06 22:56:25,77,二の宮公園,LALAガーデンつくば
225,2022-04-06 23:09:32,2022-04-06 23:15:24,77,研究学園駅,東光台東交差点（BLANDE研究学園店）
226,2022-04-06 23:14:12,2022-04-06 23:23:14,77,つくば駅（中央公園）,LALAガーデンつくば
227,2022-04-06 23:31:05,2022-04-06 23:40:56,77,LALAガーデンつくば,つくば駅（中央公園）
228,2022-04-07 06:34:57,2022-04-07 06:43:55,77,つくば駅（中央公園）,LALAガーデンつくば
229,2022-04-07 08:03:51,2022-04-07 08:15:39,77,つくば駅（中央公園）,二の宮公園
230,2022-04-07 08:26:15,2022-04-07 09:19:49,308,カスミ筑波大学店,カスミ筑波大学店
231,2022-04-07 09:35:37,2022-04-07 09:39:24,77,デイズタウン,つくば駅（中央公園）
232,2022-04-07 09:38:55,2022-04-07 09:49:28,77,つくば駅（中央公園）,カスミ筑波大学店
233,2022-04-07 09:42:10,2022-04-07 09:53:31,77,研究学園駅,ZOZOBASEつくば１
234,2022-04-07 10:21:47,2022-04-07 10:30:38,77,研究学園駅,ZOZOBASEつくば１
235,2022-04-07 11:21:38,2022-04-07 11:32:05,77,研究学園駅,ZOZOBASEつくば１
236,2022-04-07 11:36:57,2022-04-07 11:53:27,154,つくば駅（中央公園）,カスミ筑波大学店
237,2022-04-07 12:00:27,2022-04-07 14:27:27,770,東光台東交差点（BLANDE研究学園店）,つくば駅（中央公園）
238,2022-04-07 12:00:29,2022-04-07 14:27:13,770,東光台東交差点（BLANDE研究学園店）,つくば駅（中央公園）
239,2022-04-07 12:08:05,2022-04-07 13:04:37,308,研究学園駅,ファミリーマートつくば葛城店
240,2022-04-07 12:40:13,2022-04-07 12:49:29,77,ZOZOBASEつくば１,研究学園駅
241,2022-04-07 12:44:51,2022-04-07 13:05:02,154,ファミリーマートつくば葛城店,つくば駅（中央公園）
242,2022-04-07 12:52:45,2022-04-07 13:33:36,231,つくば市役所,つくば市役所
243,2022-04-07 12:59:20,2022-04-07 13:20:16,154,ファミリーマートつくば葛城店,二の宮公園
244,2022-04-07 13:02:44,2022-04-07 14:12:17,385,研究学園駅,科学万博記念公園
245,2022-04-07 13:12:30,2022-04-07 13:24:32,77,研究学園駅,ZOZOBASEつくば１
246,2022-04-07 13:59:36,2022-04-07 15:36:41,539,デイズタウン,デイズタウン
247,2022-04-07 14:01:22,2022-04-07 14:21:15,154,ZOZOBASEつくば２,カスミフードスクエア学園店
248,2022-04-07 14:44:32,2022-04-07 14:52:50,77,ファミリーマートつくば葛城店,イーアスつくば
249,2022-04-07 14:51:57,2022-04-07 15:11:11,154,科学万博記念公園,研究学園駅
250,2022-04-07 16:09:06,2022-04-07 16:18:33,77,ZOZOBASEつくば１,研究学園駅
251,2022-04-07 16:10:49,2022-04-07 16:48:57,231,カスミフードスクエア学園店,ZOZOBASEつくば２
252,2022-04-07 16:35:43,2022-04-07 16:47:09,77,研究学園駅,ZOZOBASEつくば１
253,2022-04-07 16:40:26,2022-04-07 17:42:50,385,研究学園駅,研究学園駅
254,2022-04-07 17:08:12,2022-04-07 17:39:30,231,二の宮公園,イーアスつくば
255,2022-04-07 17:43:35,2022-04-07 17:55:21,77,LALAガーデンつくば,つくば駅（中央公園）
256,2022-04-07 17:55:06,2022-04-07 18:12:48,154,学園南公園,イーアスつくば
257,2022-04-07 17:57:03,2022-04-07 18:06:45,77,イーアスつくば,東光台東交差点（BLANDE研究学園店）
258,2022-04-07 18:10:40,2022-04-07 18:33:58,154,研究学園駅,カスミ筑波大学店
259,2022-04-07 19:25:32,2022-04-07 19:48:41,154,イーアスつくば,イーアスつくば
260,2022-04-07 19:38:43,2022-04-07 19:47:55,77,二の宮公園,つくば駅（中央公園）
261,2022-04-07 19:50:38,2022-04-07 20:13:43,154,ファミリーマート筑波記念病院前店,つくば駅（中央公園）
262,2022-04-07 19:57:59,2022-04-07 20:09:51,77,カスミ筑波大学店,つくば駅（中央公園）
263,2022-04-07 20:28:08,2022-04-07 22:37:16,693,研究学園駅,研究学園駅
264,2022-04-07 20:37:14,2022-04-07 20:47:27,77,イーアスつくば,ファミリーマートつくば葛城店
265,2022-04-07 21:08:46,2022-04-07 21:20:55,77,ZOZOBASEつくば１,研究学園駅
266,2022-04-07 21:32:32,2022-04-07 21:44:52,77,つくばスタートアップパーク（つくば市産業振興センター）,カスミ筑波大学店
267,2022-04-07 22:37:27,2022-04-07 23:38:46,385,つくば駅（中央公園）,つくば駅（中央公園）
268,2022-04-07 22:54:45,2022-04-07 23:00:16,77,イーアスつくば,研究学園駅
269,2022-04-07 22:58:23,2022-04-07 23:12:14,77,二の宮公園,つくば駅（中央公園）
270,2022-04-07 22:59:13,2022-04-07 23:16:17,154,つくば駅（中央公園）,松代ショッピングセンター
271,2022-04-07 23:05:53,2022-04-07 23:12:16,77,デイズタウン,つくば駅（中央公園）
272,2022-04-07 23:58:54,2022-04-08 00:06:30,77,研究学園駅,ファミリーマートつくば葛城店
273,2022-04-08 00:12:18,2022-04-08 00:18:27,77,研究学園駅,学園南公園
274,2022-04-08 00:12:26,2022-04-08 03:12:18,924,研究学園駅,デイズタウン
275,2022-04-08 06:04:11,2022-04-08 06:18:01,77,MeeToco 筑波ハム,つくば駅（中央公園）
276,2022-04-08 07:48:22,2022-04-08 07:59:03,77,研究学園駅,ZOZOBASEつくば１
277,2022-04-08 07:49:18,2022-04-08 19:05:07,2578,つくば駅（中央公園）,つくば駅（中央公園）
278,2022-04-08 07:58:50,2022-04-08 08:09:31,77,つくば駅（中央公園）,二の宮公園
279,2022-04-08 08:55:00,2022-04-08 09:06:15,77,カスミフードスクエア学園の森店,研究学園駅
280,2022-04-08 08:57:24,2022-04-08 09:05:59,77,つくば駅（中央公園）,LALAガーデンつくば
281,2022-04-08 09:28:26,2022-04-08 09:37:29,77,研究学園駅,東光台東交差点（BLANDE研究学園店）
282,2022-04-08 10:22:31,2022-04-08 10:37:07,77,二の宮公園,つくば駅（中央公園）
283,2022-04-08 11:16:16,2022-04-08 11:24:57,77,LALAガーデンつくば,つくば駅（中央公園）
284,2022-04-08 11:17:08,2022-04-08 11:31:32,77,つくば駅（中央公園）,つくば駅（中央公園）
285,2022-04-08 12:42:59,2022-04-08 13:28:39,308,つくば市役所,つくば市役所
286,2022-04-08 13:10:39,2022-04-08 13:20:18,77,研究学園駅,東光台東交差点（BLANDE研究学園店）
287,2022-04-08 13:14:24,2022-04-08 13:47:49,231,東光台東交差点（BLANDE研究学園店）,研究学園駅
288,2022-04-08 13:16:47,2022-04-08 13:26:39,77,研究学園駅,ZOZOBASEつくば１
289,2022-04-08 13:44:38,2022-04-08 13:59:12,77,LALAガーデンつくば,デイズタウン
290,2022-04-08 14:02:58,2022-04-08 15:19:54,462,つくば駅（中央公園）,研究学園駅
291,2022-04-08 14:26:55,2022-04-08 14:39:06,77,イーアスつくば,カスミフードスクエア学園の森店
292,2022-04-08 15:05:32,2022-04-08 15:14:32,77,東光台東交差点（BLANDE研究学園店）,研究学園駅
293,2022-04-08 16:49:40,2022-04-08 17:17:24,154,ZOZOBASEつくば１,研究学園駅
294,2022-04-08 16:50:09,2022-04-08 16:57:20,77,ZOZOBASEつくば１,つくば市役所
295,2022-04-08 17:06:32,2022-04-08 17:18:20,77,研究学園駅,科学万博記念公園
296,2022-04-08 17:14:18,2022-04-08 17:25:13,77,ZOZOBASEつくば１,研究学園駅
297,2022-04-08 17:16:23,2022-04-08 17:23:27,77,研究学園駅,東光台東交差点（BLANDE研究学園店）
298,2022-04-08 17:23:41,2022-04-08 17:35:58,77,ZOZOBASEつくば１,研究学園駅
299,2022-04-08 17:44:23,2022-04-08 18:57:14,385,つくば駅（中央公園）,カスミフードスクエア学園店
300,2022-04-08 18:06:14,2022-04-08 18:14:35,77,東光台東交差点（BLANDE研究学園店）,研究学園駅
301,2022-04-08 18:42:42,2022-04-08 19:26:16,231,つくば駅（中央公園）,ZOZOBASEつくば２
302,2022-04-08 19:27:55,2022-04-08 19:40:35,77,科学万博記念公園,研究学園駅
303,2022-04-08 19:51:48,2022-04-08 20:00:41,77,ファミリーマートつくば葛城店,研究学園駅
304,2022-04-08 19:58:42,2022-04-08 20:04:44,77,LALAガーデンつくば,つくば駅（中央公園）
305,2022-04-08 20:12:01,2022-04-08 20:26:34,77,つくば駅（中央公園）,松代ショッピングセンター
306,2022-04-08 20:26:40,2022-04-08 22:08:59,539,研究学園駅,研究学園駅
307,2022-04-08 21:13:30,2022-04-08 23:44:54,847,研究学園駅,研究学園駅
308,2022-04-08 21:13:39,2022-04-08 23:45:14,847,研究学園駅,研究学園駅
309,2022-04-08 21:30:55,2022-04-08 21:39:14,77,カスミフードスクエア学園店,つくば駅（中央公園）
310,2022-04-08 21:31:29,2022-04-08 21:42:13,77,つくば駅（中央公園）,MeeToco 筑波ハム
311,2022-04-08 22:44:25,2022-04-08 22:58:29,77,つくば駅（中央公園）,松代ショッピングセンター
312,2022-04-08 22:54:48,2022-04-08 23:02:24,77,研究学園駅,東光台東交差点（BLANDE研究学園店）
313,2022-04-08 23:27:06,2022-04-08 23:40:50,77,研究学園駅,カスミフードスクエア学園の森店
314,2022-04-09 01:09:34,2022-04-09 01:33:46,154,カスミフードスクエア学園店,ZOZOBASEつくば２
315,2022-04-09 05:14:25,2022-04-09 05:28:34,77,研究学園駅,カスミフードスクエア学園の森店
316,2022-04-09 06:42:17,2022-04-09 08:13:38,539,カスミフードスクエア学園の森店,カスミフードスクエア学園の森店
317,2022-04-09 06:55:44,2022-04-09 11:01:51,1309,研究学園駅,つくば駅（中央公園）
318,2022-04-09 06:57:12,2022-04-09 11:01:49,1309,研究学園駅,つくば駅（中央公園）
319,2022-04-09 07:45:51,2022-04-09 08:29:54,231,つくば駅（中央公園）,つくば駅（中央公園）
320,2022-04-09 08:11:43,2022-04-09 08:22:36,77,つくば駅（中央公園）,LALAガーデンつくば
321,2022-04-09 08:33:51,2022-04-09 13:58:05,1500,つくば駅（中央公園）,つくば駅（中央公園）
322,2022-04-09 08:49:44,2022-04-09 08:57:59,77,研究学園駅,MeeToco 筑波ハム
323,2022-04-09 09:14:48,2022-04-09 09:49:57,231,つくば駅（中央公園）,カスミフードスクエア学園店
324,2022-04-09 09:26:00,2022-04-09 12:33:09,1001,つくば駅（中央公園）,つくば駅（中央公園）
325,2022-04-09 09:28:05,2022-04-09 13:00:44,1155,松代ショッピングセンター,松代ショッピングセンター
326,2022-04-09 09:29:48,2022-04-09 13:01:17,1155,松代ショッピングセンター,松代ショッピングセンター
327,2022-04-09 09:36:42,2022-04-09 09:44:33,77,研究学園駅,東光台東交差点（BLANDE研究学園店）
328,2022-04-09 09:53:14,2022-04-09 10:05:38,77,デイズタウン,LALAガーデンつくば
329,2022-04-09 11:02:00,2022-04-09 18:30:04,1500,ファミリーマートつくば葛城店,つくば駅（中央公園）
330,2022-04-09 11:04:30,2022-04-09 11:12:49,77,ファミリーマートつくば葛城店,つくば駅（中央公園）
331,2022-04-09 11:15:59,2022-04-09 15:31:20,1386,ファミリーマートつくば葛城店,つくば駅（中央公園）
332,2022-04-09 11:19:15,2022-04-09 17:52:32,1500,つくば駅（中央公園）,つくば駅（中央公園）
333,2022-04-09 11:20:54,2022-04-09 16:02:41,1463,カスミフードスクエア学園の森店,カスミフードスクエア学園の森店
334,2022-04-09 11:23:38,2022-04-09 11:31:27,77,ファミリーマートつくば葛城店,つくば駅（中央公園）
335,2022-04-09 11:32:59,2022-04-09 11:36:49,77,MeeToco 筑波ハム,MeeToco 筑波ハム
336,2022-04-09 12:26:43,2022-04-09 16:12:16,1232,カスミフードスクエア学園店,二の宮公園
337,2022-04-09 12:27:06,2022-04-09 13:19:30,308,つくば駅（中央公園）,つくば駅（中央公園）
338,2022-04-09 12:32:56,2022-04-09 14:18:22,616,MeeToco 筑波ハム,MeeToco 筑波ハム
339,2022-04-09 12:37:16,2022-04-09 12:50:08,77,LALAガーデンつくば,デイズタウン
340,2022-04-09 13:09:10,2022-04-09 13:17:42,77,東光台東交差点（BLANDE研究学園店）,研究学園駅
341,2022-04-09 13:09:59,2022-04-09 13:21:01,77,カスミ筑波大学店,つくば駅（中央公園）
342,2022-04-09 13:23:17,2022-04-09 13:31:00,77,つくば市役所,ZOZOBASEつくば１
343,2022-04-09 13:29:41,2022-04-09 13:41:37,77,カスミフードスクエア学園の森店,研究学園駅
344,2022-04-09 13:58:39,2022-04-09 15:36:45,539,研究学園駅,研究学園駅
345,2022-04-09 14:37:41,2022-04-09 16:01:24,462,つくば駅（中央公園）,つくば駅（中央公園）
346,2022-04-09 14:37:42,2022-04-09 16:01:24,462,つくば駅（中央公園）,つくば駅（中央公園）
347,2022-04-09 14:46:39,2022-04-09 17:22:26,847,東光台東交差点（BLANDE研究学園店）,つくば市役所
348,2022-04-09 14:49:07,2022-04-09 16:22:30,539,デイズタウン,デイズタウン
349,2022-04-09 14:49:12,2022-04-09 16:22:32,539,デイズタウン,デイズタウン
350,2022-04-09 14:49:16,2022-04-09 16:22:20,539,デイズタウン,デイズタウン
351,2022-04-09 15:28:49,2022-04-09 15:46:50,154,つくば駅（中央公園）,カスミ筑波大学店
352,2022-04-09 16:01:50,2022-04-09 16:10:35,77,つくば駅（中央公園）,LALAガーデンつくば
353,2022-04-09 16:02:11,2022-04-09 16:07:01,77,つくば駅（中央公園）,つくば駅（中央公園）
354,2022-04-09 16:08:14,2022-04-09 16:19:45,77,カスミ筑波大学店,つくば駅（中央公園）
355,2022-04-09 16:21:08,2022-04-09 16:30:27,77,つくば駅（中央公園）,LALAガーデンつくば
356,2022-04-09 16:22:55,2022-04-09 16:33:24,77,つくば駅（中央公園）,二の宮公園
357,2022-04-09 16:23:00,2022-04-09 16:33:20,77,つくば駅（中央公園）,二の宮公園
358,2022-04-09 16:36:20,2022-04-09 16:41:26,77,二の宮公園,デイズタウン
359,2022-04-09 16:49:26,2022-04-09 17:10:47,154,つくば駅（中央公園）,二の宮公園
360,2022-04-09 16:49:51,2022-04-09 17:10:46,154,つくば駅（中央公園）,二の宮公園
361,2022-04-09 16:54:34,2022-04-09 17:04:57,77,LALAガーデンつくば,つくば駅（中央公園）
362,2022-04-09 16:55:30,2022-04-09 17:52:51,308,デイズタウン,研究学園駅
363,2022-04-09 17:19:37,2022-04-09 17:30:51,77,MeeToco 筑波ハム,東光台東交差点（BLANDE研究学園店）
364,2022-04-09 17:44:34,2022-04-09 17:58:41,77,LALAガーデンつくば,二の宮公園
365,2022-04-09 17:58:21,2022-04-09 18:08:19,77,学園南公園,東光台東交差点（BLANDE研究学園店）
366,2022-04-09 17:59:43,2022-04-09 18:08:24,77,学園南公園,東光台東交差点（BLANDE研究学園店）
367,2022-04-09 18:03:52,2022-04-09 18:21:46,154,カスミ筑波大学店,研究学園駅
368,2022-04-09 19:08:53,2022-04-09 19:38:40,154,研究学園駅,ファミリーマートつくば葛城店
369,2022-04-09 19:49:18,2022-04-09 19:57:45,77,LALAガーデンつくば,つくば駅（中央公園）
370,2022-04-09 20:22:13,2022-04-09 20:31:10,77,研究学園駅,カスミフードスクエア学園の森店
371,2022-04-09 20:39:19,2022-04-09 20:58:50,154,研究学園駅,LALAガーデンつくば
372,2022-04-09 20:40:06,2022-04-09 20:57:58,154,ファミリーマートつくば葛城店,カスミ筑波大学店
373,2022-04-09 20:44:06,2022-04-09 20:58:57,77,研究学園駅,LALAガーデンつくば
374,2022-04-09 20:46:12,2022-04-09 20:58:07,77,つくばスタートアップパーク（つくば市産業振興センター）,カスミ筑波大学店
375,2022-04-09 20:56:46,2022-04-09 21:09:45,77,カスミフードスクエア学園店,デイズタウン
376,2022-04-09 21:36:53,2022-04-09 21:46:54,77,東光台東交差点（BLANDE研究学園店）,研究学園駅
377,2022-04-09 21:50:07,2022-04-09 22:08:03,154,つくば駅（中央公園）,ZOZOBASEつくば２
378,2022-04-09 22:09:05,2022-04-09 22:17:38,77,LALAガーデンつくば,つくば駅（中央公園）
379,2022-04-09 22:09:11,2022-04-09 22:17:52,77,LALAガーデンつくば,つくば駅（中央公園）
380,2022-04-09 22:34:11,2022-04-09 22:47:06,77,デイズタウン,カスミ筑波大学店
381,2022-04-09 22:41:36,2022-04-09 22:51:21,77,つくば駅（中央公園）,LALAガーデンつくば
382,2022-04-09 22:45:37,2022-04-09 23:16:38,231,研究学園駅,カスミ筑波大学店
383,2022-04-09 22:46:15,2022-04-09 22:56:22,77,カスミ筑波大学店,つくば駅（中央公園）
384,2022-04-09 22:47:04,2022-04-09 23:11:00,154,カスミ筑波大学店,研究学園駅
385,2022-04-09 22:48:43,2022-04-09 22:55:42,77,つくば駅（中央公園）,ファミリーマートつくば葛城店
386,2022-04-09 22:49:52,2022-04-09 22:59:22,77,つくば駅（中央公園）,ファミリーマートつくば葛城店
387,2022-04-09 23:18:52,2022-04-09 23:30:16,77,研究学園駅,東光台東交差点（BLANDE研究学園店）
388,2022-04-10 00:01:55,2022-04-10 00:23:40,154,つくば市役所,デイズタウン
389,2022-04-10 00:47:53,2022-04-10 01:00:11,77,つくば駅（中央公園）,ZOZOBASEつくば２
390,2022-04-10 09:27:12,2022-04-10 09:48:49,154,カスミ筑波大学店,カスミフードスクエア学園店
391,2022-04-10 09:55:15,2022-04-10 13:41:07,1232,二の宮公園,二の宮公園
392,2022-04-10 09:58:24,2022-04-10 10:10:59,77,東光台東交差点（BLANDE研究学園店）,東光台東交差点（BLANDE研究学園店）
393,2022-04-10 10:11:03,2022-04-10 13:41:29,1155,二の宮公園,二の宮公園
394,2022-04-10 10:14:31,2022-04-10 10:40:51,154,カスミ筑波大学店,イーアスつくば
395,2022-04-10 10:14:40,2022-04-10 10:40:56,154,カスミ筑波大学店,イーアスつくば
396,2022-04-10 10:18:25,2022-04-10 11:30:52,385,二の宮公園,二の宮公園
397,2022-04-10 10:18:28,2022-04-10 16:29:29,1500,つくば駅（中央公園）,研究学園駅
398,2022-04-10 10:18:54,2022-04-10 11:42:31,462,二の宮公園,二の宮公園
399,2022-04-10 10:27:41,2022-04-10 10:38:59,77,MeeToco 筑波ハム,ファミリーマートつくば葛城店
400,2022-04-10 10:36:07,2022-04-10 11:03:13,154,カスミ筑波大学店,カスミ筑波大学店
401,2022-04-10 10:44:47,2022-04-10 19:21:26,1731,つくば市役所,つくば駅（中央公園）
402,2022-04-10 11:32:57,2022-04-10 12:54:42,462,つくば市役所,つくば市役所
403,2022-04-10 11:38:08,2022-04-10 11:46:20,77,カスミ筑波大学店,カスミ筑波大学店
404,2022-04-10 11:39:33,2022-04-10 11:49:24,77,つくば駅（中央公園）,LALAガーデンつくば
405,2022-04-10 12:07:59,2022-04-10 12:13:25,77,ZOZOBASEつくば１,学園南公園
406,2022-04-10 12:15:54,2022-04-10 12:42:09,154,イーアスつくば,カスミ筑波大学店
407,2022-04-10 12:16:00,2022-04-10 12:42:13,154,イーアスつくば,カスミ筑波大学店
408,2022-04-10 12:35:56,2022-04-10 12:57:33,154,松代ショッピングセンター,イーアスつくば
409,2022-04-10 12:38:16,2022-04-10 12:58:23,154,つくば駅（中央公園）,イーアスつくば
410,2022-04-10 13:03:39,2022-04-10 15:06:18,693,つくば市役所,研究学園駅
411,2022-04-10 13:06:24,2022-04-10 13:19:59,77,つくば駅（中央公園）,カスミ筑波大学店
412,2022-04-10 13:14:16,2022-04-10 13:26:21,77,イーアスつくば,ZOZOBASEつくば１
413,2022-04-10 13:21:07,2022-04-10 13:32:00,77,つくば駅（中央公園）,LALAガーデンつくば
414,2022-04-10 13:24:09,2022-04-10 13:59:54,231,カスミ筑波大学店,カスミ筑波大学店
415,2022-04-10 13:25:04,2022-04-10 15:00:17,231,カスミ筑波大学店,カスミ筑波大学店
416,2022-04-10 13:26:18,2022-04-10 14:00:01,231,カスミ筑波大学店,カスミ筑波大学店
417,2022-04-10 13:28:53,2022-04-10 13:44:44,154,イーアスつくば,カスミ筑波大学店
418,2022-04-10 13:57:26,2022-04-10 16:36:45,847,カスミフードスクエア学園店,カスミフードスクエア学園店
419,2022-04-10 14:22:16,2022-04-10 14:31:34,77,東光台東交差点（BLANDE研究学園店）,東光台東交差点（BLANDE研究学園店）
420,2022-04-10 14:35:30,2022-04-10 14:49:10,77,つくば駅（中央公園）,LALAガーデンつくば
421,2022-04-10 14:58:13,2022-04-10 15:20:22,154,カスミ筑波大学店,つくば駅（中央公園）
422,2022-04-10 14:58:21,2022-04-10 15:20:30,154,カスミ筑波大学店,つくば駅（中央公園）
423,2022-04-10 15:04:21,2022-04-10 17:49:28,924,LALAガーデンつくば,研究学園駅
424,2022-04-10 15:07:34,2022-04-10 15:23:35,154,二の宮公園,つくば駅（中央公園）
425,2022-04-10 15:07:37,2022-04-10 15:24:25,154,二の宮公園,つくば駅（中央公園）
426,2022-04-10 15:17:46,2022-04-10 15:40:51,154,研究学園駅,東光台東交差点（BLANDE研究学園店）
427,2022-04-10 15:28:59,2022-04-10 15:41:01,77,東光台東交差点（BLANDE研究学園店）,カスミフードスクエア学園の森店
428,2022-04-10 15:54:02,2022-04-10 16:03:07,77,LALAガーデンつくば,つくば駅（中央公園）
429,2022-04-10 16:02:06,2022-04-10 16:15:51,77,つくば駅（中央公園）,二の宮公園
430,2022-04-10 16:02:15,2022-04-10 16:16:18,77,つくば駅（中央公園）,二の宮公園
431,2022-04-10 16:11:17,2022-04-10 16:34:04,154,つくば駅（中央公園）,イーアスつくば
432,2022-04-10 16:32:26,2022-04-10 16:48:04,154,デイズタウン,デイズタウン
433,2022-04-10 17:41:54,2022-04-10 18:00:31,154,つくば駅（中央公園）,カスミ筑波大学店
434,2022-04-10 17:45:00,2022-04-10 19:41:19,616,研究学園駅,つくば駅（中央公園）
435,2022-04-10 18:10:46,2022-04-10 18:20:41,77,つくば駅（中央公園）,カスミフードスクエア学園店
436,2022-04-10 18:36:19,2022-04-10 22:54:04,77,研究学園駅,つくば市役所
437,2022-04-10 20:07:24,2022-04-10 20:17:06,77,ファミリーマートつくば葛城店,研究学園駅
438,2022-04-10 20:58:30,2022-04-10 21:35:55,231,イーアスつくば,つくば駅（中央公園）
439,2022-04-10 21:06:04,2022-04-10 21:13:30,77,研究学園駅,ファミリーマートつくば葛城店
440,2022-04-10 22:11:24,2022-04-10 22:25:47,77,つくば駅（中央公園）,デイズタウン
441,2022-04-10 23:58:28,2022-04-11 00:11:30,77,つくば駅（中央公園）,松代ショッピングセンター
442,2022-04-11 06:53:02,2022-04-11 07:02:45,77,二の宮公園,つくば駅（中央公園）
443,2022-04-11 07:57:53,2022-04-11 09:12:02,385,つくば駅（中央公園）,つくば駅（中央公園）
444,2022-04-11 08:11:08,2022-04-11 08:27:06,154,ファミリーマートつくば葛城店,二の宮公園
445,2022-04-11 08:58:26,2022-04-11 09:05:29,77,つくば駅（中央公園）,LALAガーデンつくば
446,2022-04-11 09:40:39,2022-04-11 13:14:20,1155,つくば市役所,研究学園駅
447,2022-04-11 09:49:06,2022-04-11 17:38:27,1500,カスミ筑波大学店,カスミ筑波大学店
448,2022-04-11 10:27:43,2022-04-11 11:02:00,231,カスミ筑波大学店,カスミ筑波大学店
449,2022-04-11 10:45:52,2022-04-11 10:56:59,77,東光台東交差点（BLANDE研究学園店）,研究学園駅
450,2022-04-11 10:46:49,2022-04-11 11:04:09,154,つくば駅（中央公園）,つくば駅（中央公園）
451,2022-04-11 11:06:07,2022-04-11 11:52:56,308,カスミフードスクエア学園店,カスミフードスクエア学園店
452,2022-04-11 11:08:05,2022-04-11 11:32:35,154,カスミフードスクエア学園の森店,つくば駅（中央公園）
453,2022-04-11 11:10:26,2022-04-11 11:22:23,77,つくば駅（中央公園）,カスミ筑波大学店
454,2022-04-11 11:20:25,2022-04-11 13:21:50,693,カスミ筑波大学店,つくば駅（中央公園）
455,2022-04-11 11:24:35,2022-04-11 13:07:53,539,研究学園駅,研究学園駅
456,2022-04-11 11:42:50,2022-04-11 11:55:24,77,ZOZOBASEつくば１,研究学園駅
457,2022-04-11 12:29:13,2022-04-11 12:44:34,154,カスミ筑波大学店,カスミ筑波大学店
458,2022-04-11 12:33:50,2022-04-11 19:03:24,1500,ファミリーマートつくば葛城店,ファミリーマートつくば葛城店
459,2022-04-11 12:46:17,2022-04-11 15:15:51,770,カスミ筑波大学店,カスミ筑波大学店
460,2022-04-11 13:29:17,2022-04-11 13:39:47,77,LALAガーデンつくば,つくば駅（中央公園）
461,2022-04-11 13:32:23,2022-04-11 14:38:38,385,松代ショッピングセンター,松代ショッピングセンター
462,2022-04-11 14:15:06,2022-04-11 14:20:08,77,つくば駅（中央公園）,つくば駅（中央公園）
463,2022-04-11 14:34:55,2022-04-11 14:47:59,77,東光台東交差点（BLANDE研究学園店）,研究学園駅
464,2022-04-11 14:37:03,2022-04-11 17:44:03,154,東光台東交差点（BLANDE研究学園店）,二の宮公園
465,2022-04-11 14:37:51,2022-04-11 14:48:03,77,東光台東交差点（BLANDE研究学園店）,研究学園駅
466,2022-04-11 14:48:00,2022-04-11 14:57:56,77,つくば駅（中央公園）,カスミ筑波大学店
467,2022-04-11 15:17:02,2022-04-11 15:34:04,154,ファミリーマートつくば葛城店,イーアスつくば
468,2022-04-11 15:24:59,2022-04-11 15:39:25,77,研究学園駅,東光台東交差点（BLANDE研究学園店）
469,2022-04-11 15:51:09,2022-04-11 16:19:05,154,イーアスつくば,カスミフードスクエア学園店
470,2022-04-11 16:23:25,2022-04-11 16:34:37,77,カスミ筑波大学店,つくば駅（中央公園）
471,2022-04-11 16:36:41,2022-04-11 16:49:40,77,カスミフードスクエア学園の森店,イーアスつくば
472,2022-04-11 16:44:50,2022-04-11 17:02:46,154,カスミ筑波大学店,カスミフードスクエア学園の森店
473,2022-04-11 17:15:17,2022-04-11 17:19:49,77,イーアスつくば,研究学園駅
474,2022-04-11 17:38:05,2022-04-11 18:01:45,154,カスミフードスクエア学園の森店,カスミ筑波大学店
475,2022-04-11 17:53:51,2022-04-11 18:04:49,77,研究学園駅,ZOZOBASEつくば１
476,2022-04-11 18:09:49,2022-04-11 18:24:27,77,カスミフードスクエア学園店,つくばスタートアップパーク（つくば市産業振興センター）
477,2022-04-11 18:11:54,2022-04-11 18:25:01,77,カスミフードスクエア学園店,つくばスタートアップパーク（つくば市産業振興センター）
478,2022-04-11 18:17:03,2022-04-11 18:39:43,154,ZOZOBASEつくば１,つくば駅（中央公園）
479,2022-04-11 18:56:43,2022-04-11 19:06:58,77,LALAガーデンつくば,つくば駅（中央公園）
480,2022-04-11 18:57:23,2022-04-11 19:19:50,154,研究学園駅,つくば駅（中央公園）
481,2022-04-11 19:49:50,2022-04-11 19:59:47,77,カスミ筑波大学店,つくば駅（中央公園）
482,2022-04-11 20:31:23,2022-04-11 20:43:44,77,デイズタウン,ファミリーマートつくば葛城店
483,2022-04-11 20:35:02,2022-04-11 20:42:36,77,研究学園駅,東光台東交差点（BLANDE研究学園店）
484,2022-04-11 20:54:35,2022-04-11 21:11:29,154,研究学園駅,カスミ筑波大学店
485,2022-04-11 21:19:15,2022-04-11 21:26:37,77,研究学園駅,東光台東交差点（BLANDE研究学園店）
486,2022-04-11 21:47:06,2022-04-11 21:57:07,77,二の宮公園,つくば駅（中央公園）
487,2022-04-11 21:53:43,2022-04-11 22:04:07,77,LALAガーデンつくば,つくば駅（中央公園）
488,2022-04-11 22:32:56,2022-04-11 22:48:03,154,カスミフードスクエア学園店,ファミリーマートつくば葛城店
489,2022-04-11 23:17:37,2022-04-11 23:25:46,77,二の宮公園,つくば駅（中央公園）
490,2022-04-11 23:46:41,2022-04-11 23:54:54,77,つくば駅（中央公園）,二の宮公園
491,2022-04-12 00:23:12,2022-04-12 08:08:57,1500,つくば駅（中央公園）,つくば駅（中央公園）
492,2022-04-12 07:05:50,2022-04-12 07:12:50,77,LALAガーデンつくば,つくば駅（中央公園）
493,2022-04-12 07:35:08,2022-04-12 07:43:19,77,ファミリーマートつくば葛城店,つくば駅（中央公園）
494,2022-04-12 08:15:40,2022-04-12 08:23:58,77,カスミ筑波大学店,つくば駅（中央公園）
495,2022-04-12 08:32:13,2022-04-12 08:39:32,77,東光台東交差点（BLANDE研究学園店）,研究学園駅
496,2022-04-12 08:56:23,2022-04-12 09:06:03,77,つくば駅（中央公園）,LALAガーデンつくば
497,2022-04-12 09:08:17,2022-04-12 09:21:55,77,カスミ筑波大学店,つくば駅（中央公園）
498,2022-04-12 09:20:22,2022-04-12 09:30:48,77,研究学園駅,ZOZOBASEつくば１
499,2022-04-12 10:59:34,2022-04-12 12:01:18,385,東光台東交差点（BLANDE研究学園店）,東光台東交差点（BLANDE研究学園店）
500,2022-04-12 11:03:55,2022-04-12 11:20:30,154,カスミ筑波大学店,カスミフードスクエア学園の森店
501,2022-04-12 11:13:20,2022-04-12 11:26:35,77,ZOZOBASEつくば１,研究学園駅
502,2022-04-12 11:18:07,2022-04-12 11:55:44,231,デイズタウン,カスミフードスクエア学園店
503,2022-04-12 11:35:14,2022-04-12 11:41:55,77,研究学園駅,東光台東交差点（BLANDE研究学園店）
504,2022-04-12 12:02:25,2022-04-12 12:15:07,77,カスミフードスクエア学園の森店,カスミ筑波大学店
505,2022-04-12 12:19:03,2022-04-12 16:22:17,1309,学園南公園,学園南公園
506,2022-04-12 12:27:59,2022-04-12 12:36:01,77,つくば駅（中央公園）,カスミ筑波大学店
507,2022-04-12 12:53:25,2022-04-12 13:11:50,154,つくば駅（中央公園）,カスミ筑波大学店
508,2022-04-12 13:19:15,2022-04-12 13:31:26,77,つくば駅（中央公園）,つくば駅（中央公園）
509,2022-04-12 14:07:50,2022-04-12 14:19:10,77,カスミ筑波大学店,つくば駅（中央公園）
510,2022-04-12 14:10:47,2022-04-12 14:41:02,231,二の宮公園,イーアスつくば
511,2022-04-12 15:59:02,2022-04-12 16:11:01,77,カスミ筑波大学店,イーアスつくば
512,2022-04-12 16:19:05,2022-04-12 16:39:12,154,カスミ筑波大学店,イーアスつくば
513,2022-04-12 16:19:25,2022-04-12 18:08:15,616,イーアスつくば,研究学園駅
514,2022-04-12 16:32:52,2022-04-12 16:41:22,77,カスミ筑波大学店,つくば駅（中央公園）
515,2022-04-12 18:27:27,2022-04-12 21:34:14,1001,つくば駅（中央公園）,つくば駅（中央公園）
516,2022-04-12 18:27:43,2022-04-12 21:33:56,1001,つくば駅（中央公園）,つくば駅（中央公園）
517,2022-04-12 18:50:15,2022-04-12 19:11:42,154,デイズタウン,カスミ筑波大学店
518,2022-04-12 19:11:56,2022-04-12 19:20:50,77,二の宮公園,つくば駅（中央公園）
519,2022-04-12 19:24:31,2022-04-12 19:32:16,77,つくば駅（中央公園）,LALAガーデンつくば
520,2022-04-12 19:30:42,2022-04-12 19:54:51,154,イーアスつくば,カスミ筑波大学店
521,2022-04-12 19:36:07,2022-04-12 20:33:23,308,研究学園駅,イーアスつくば
522,2022-04-12 19:54:36,2022-04-12 20:04:24,77,ファミリーマートつくば葛城店,イーアスつくば
523,2022-04-12 20:03:09,2022-04-12 20:11:23,77,ファミリーマートつくば葛城店,研究学園駅
524,2022-04-12 21:00:57,2022-04-12 21:14:46,77,つくば駅（中央公園）,カスミ筑波大学店
525,2022-04-12 21:17:44,2022-04-12 22:20:00,385,二の宮公園,つくば駅（中央公園）
526,2022-04-12 21:17:47,2022-04-12 22:19:53,385,二の宮公園,つくば駅（中央公園）
527,2022-04-12 21:40:51,2022-04-12 21:49:58,77,研究学園駅,東光台東交差点（BLANDE研究学園店）
528,2022-04-12 21:52:26,2022-04-12 22:02:01,77,東光台東交差点（BLANDE研究学園店）,研究学園駅
529,2022-04-12 22:17:08,2022-04-12 22:24:19,77,LALAガーデンつくば,つくば駅（中央公園）
530,2022-04-12 22:17:35,2022-04-12 22:24:34,77,LALAガーデンつくば,つくば駅（中央公園）
531,2022-04-12 23:15:13,2022-04-12 23:27:36,77,研究学園駅,カスミフードスクエア学園の森店
532,2022-04-13 00:28:53,2022-04-13 00:38:16,77,つくば駅（中央公園）,カスミ筑波大学店
533,2022-04-13 00:29:07,2022-04-13 00:41:51,77,イーアスつくば,カスミフードスクエア学園の森店
534,2022-04-13 06:02:31,2022-04-13 06:10:27,77,カスミ筑波大学店,つくば駅（中央公園）
535,2022-04-13 06:44:41,2022-04-13 06:52:16,77,東光台東交差点（BLANDE研究学園店）,研究学園駅
536,2022-04-13 07:53:23,2022-04-13 08:00:47,77,つくば駅（中央公園）,二の宮公園
537,2022-04-13 08:32:43,2022-04-13 08:46:06,77,東光台東交差点（BLANDE研究学園店）,研究学園駅
538,2022-04-13 08:51:14,2022-04-13 10:02:44,385,研究学園駅,研究学園駅
539,2022-04-13 08:55:20,2022-04-13 09:06:14,77,カスミフードスクエア学園の森店,研究学園駅
540,2022-04-13 08:55:57,2022-04-13 09:06:02,77,つくば駅（中央公園）,LALAガーデンつくば
541,2022-04-13 08:58:33,2022-04-13 09:08:39,77,つくば駅（中央公園）,カスミ筑波大学店
542,2022-04-13 10:37:18,2022-04-13 12:25:09,616,研究学園駅,イーアスつくば
543,2022-04-13 10:47:06,2022-04-13 11:07:46,154,デイズタウン,デイズタウン
544,2022-04-13 10:48:36,2022-04-13 10:53:53,77,イーアスつくば,研究学園駅
545,2022-04-13 11:11:06,2022-04-13 14:45:47,1155,つくば駅（中央公園）,つくば駅（中央公園）
546,2022-04-13 12:23:54,2022-04-13 12:33:20,77,研究学園駅,つくば市役所
547,2022-04-13 12:34:58,2022-04-13 12:47:18,77,イーアスつくば,カスミフードスクエア学園の森店
548,2022-04-13 13:14:33,2022-04-13 13:25:52,77,研究学園駅,ZOZOBASEつくば１
549,2022-04-13 13:21:26,2022-04-13 13:31:10,77,研究学園駅,MeeToco 筑波ハム
550,2022-04-13 14:07:15,2022-04-13 15:00:48,308,つくば駅（中央公園）,つくば駅（中央公園）
551,2022-04-13 16:07:46,2022-04-13 16:55:35,308,東光台東交差点（BLANDE研究学園店）,研究学園駅
552,2022-04-13 16:07:49,2022-04-13 16:55:36,308,東光台東交差点（BLANDE研究学園店）,研究学園駅
553,2022-04-13 17:38:01,2022-04-13 17:55:48,154,イーアスつくば,つくば駅（中央公園）
554,2022-04-13 18:03:46,2022-04-13 18:24:44,154,研究学園駅,東光台東交差点（BLANDE研究学園店）
555,2022-04-13 18:04:20,2022-04-13 18:15:35,77,カスミ筑波大学店,つくば駅（中央公園）
556,2022-04-13 18:29:26,2022-04-13 18:43:29,77,研究学園駅,イーアスつくば
557,2022-04-13 18:35:55,2022-04-13 18:45:41,77,二の宮公園,つくば駅（中央公園）
558,2022-04-13 18:53:58,2022-04-13 19:08:40,77,二の宮公園,つくばスタートアップパーク（つくば市産業振興センター）
559,2022-04-13 19:23:05,2022-04-13 19:34:22,77,LALAガーデンつくば,つくばスタートアップパーク（つくば市産業振興センター）
560,2022-04-13 19:33:57,2022-04-13 19:47:16,77,つくば駅（中央公園）,ファミリーマートつくば葛城店
561,2022-04-13 19:41:38,2022-04-13 19:49:48,77,つくば駅（中央公園）,ファミリーマートつくば葛城店
562,2022-04-13 20:08:35,2022-04-13 20:24:08,154,つくば市役所,MeeToco 筑波ハム
563,2022-04-13 20:21:38,2022-04-13 20:33:50,77,つくば駅（中央公園）,MeeToco 筑波ハム
564,2022-04-13 22:36:52,2022-04-13 23:06:46,154,カスミフードスクエア学園の森店,カスミフードスクエア学園の森店
565,2022-04-13 22:37:14,2022-04-13 23:06:52,154,カスミフードスクエア学園の森店,カスミフードスクエア学園の森店
566,2022-04-13 22:41:30,2022-04-13 22:52:34,77,つくば駅（中央公園）,LALAガーデンつくば
567,2022-04-13 23:28:07,2022-04-14 07:58:22,1731,つくば駅（中央公園）,つくば駅（中央公園）
568,2022-04-13 23:46:12,2022-04-13 23:53:41,77,イーアスつくば,ファミリーマートつくば葛城店
569,2022-04-14 00:25:51,2022-04-14 00:54:26,154,つくば駅（中央公園）,イーアスつくば
570,2022-04-14 02:08:25,2022-04-14 02:23:52,154,イーアスつくば,つくば駅（中央公園）
571,2022-04-14 05:44:53,2022-04-14 05:52:55,77,LALAガーデンつくば,つくば駅（中央公園）
572,2022-04-14 06:20:32,2022-04-14 06:23:39,77,つくば駅（中央公園）,つくば駅（中央公園）
573,2022-04-14 07:00:04,2022-04-14 07:09:54,77,カスミ筑波大学店,つくば駅（中央公園）
574,2022-04-14 08:03:18,2022-04-14 08:12:13,77,つくば駅（中央公園）,二の宮公園
575,2022-04-14 08:03:19,2022-04-14 08:11:59,77,つくば駅（中央公園）,二の宮公園
576,2022-04-14 08:35:36,2022-04-14 08:44:27,77,つくば駅（中央公園）,二の宮公園
577,2022-04-14 08:44:46,2022-04-14 08:52:52,77,つくば駅（中央公園）,LALAガーデンつくば
578,2022-04-14 08:56:45,2022-04-14 09:07:52,77,つくば駅（中央公園）,カスミ筑波大学店
579,2022-04-14 09:01:03,2022-04-14 09:08:22,77,東光台東交差点（BLANDE研究学園店）,研究学園駅
580,2022-04-14 09:41:29,2022-04-14 09:49:03,77,研究学園駅,東光台東交差点（BLANDE研究学園店）
581,2022-04-14 11:20:16,2022-04-14 11:28:42,77,つくば駅（中央公園）,カスミ筑波大学店
582,2022-04-14 13:03:35,2022-04-14 13:15:30,77,ZOZOBASEつくば１,研究学園駅
583,2022-04-14 13:15:53,2022-04-14 13:26:14,77,研究学園駅,ZOZOBASEつくば１
584,2022-04-14 13:34:32,2022-04-14 13:58:36,154,東光台東交差点（BLANDE研究学園店）,研究学園駅
585,2022-04-14 13:58:57,2022-04-14 14:24:18,154,カスミ筑波大学店,つくば駅（中央公園）
586,2022-04-14 18:37:42,2022-04-14 18:44:56,77,研究学園駅,ファミリーマートつくば葛城店
587,2022-04-14 19:43:55,2022-04-14 20:00:46,154,つくば駅（中央公園）,松代ショッピングセンター
588,2022-04-14 19:43:56,2022-04-14 19:54:06,77,ZOZOBASEつくば１,研究学園駅
589,2022-04-14 20:20:04,2022-04-14 20:29:46,77,研究学園駅,東光台東交差点（BLANDE研究学園店）
590,2022-04-14 20:43:52,2022-04-14 20:51:24,77,研究学園駅,東光台東交差点（BLANDE研究学園店）
591,2022-04-14 21:00:30,2022-04-14 21:08:44,77,つくばスタートアップパーク（つくば市産業振興センター）,カスミ筑波大学店
592,2022-04-14 21:07:34,2022-04-15 11:18:40,77,カスミフードスクエア学園店,つくば駅（中央公園）
593,2022-04-14 22:28:40,2022-04-14 22:52:28,154,つくば駅（中央公園）,松代ショッピングセンター
594,2022-04-14 22:50:13,2022-04-14 23:02:20,77,つくば駅（中央公園）,カスミ筑波大学店
595,2022-04-14 22:50:18,2022-04-14 23:02:16,77,つくば駅（中央公園）,ZOZOBASEつくば２
596,2022-04-15 00:16:35,2022-04-15 00:25:12,77,つくば駅（中央公園）,カスミ筑波大学店
597,2022-04-15 00:54:44,2022-04-15 01:11:33,154,つくば駅（中央公園）,松代ショッピングセンター
598,2022-04-15 07:01:13,2022-04-15 07:10:55,77,カスミ筑波大学店,つくば駅（中央公園）
599,2022-04-15 07:07:59,2022-04-15 07:18:02,77,研究学園駅,ZOZOBASEつくば１
600,2022-04-15 07:52:06,2022-04-15 07:59:40,77,研究学園駅,ZOZOBASEつくば１
601,2022-04-15 11:36:04,2022-04-15 11:44:00,77,研究学園駅,東光台東交差点（BLANDE研究学園店）
602,2022-04-15 15:12:20,2022-04-15 15:21:18,77,東光台東交差点（BLANDE研究学園店）,研究学園駅
603,2022-04-15 15:23:31,2022-04-15 15:36:23,77,カスミ筑波大学店,つくばスタートアップパーク（つくば市産業振興センター）
604,2022-04-15 16:15:24,2022-04-15 16:24:01,77,研究学園駅,東光台東交差点（BLANDE研究学園店）
605,2022-04-15 17:30:33,2022-04-15 17:39:25,77,カスミ筑波大学店,つくば駅（中央公園）
606,2022-04-15 18:22:45,2022-04-15 18:30:25,77,東光台東交差点（BLANDE研究学園店）,研究学園駅
607,2022-04-15 20:26:22,2022-04-15 20:41:15,77,つくば駅（中央公園）,MeeToco 筑波ハム
608,2022-04-15 21:05:32,2022-04-15 21:14:05,77,つくば駅（中央公園）,カスミ筑波大学店
609,2022-04-15 21:19:15,2022-04-15 21:32:43,77,ZOZOBASEつくば１,研究学園駅
610,2022-04-15 21:27:22,2022-04-15 21:37:39,77,東光台東交差点（BLANDE研究学園店）,研究学園駅
611,2022-04-15 22:59:22,2022-04-15 23:10:06,77,つくば駅（中央公園）,カスミ筑波大学店
612,2022-04-15 23:12:54,2022-04-15 23:28:35,154,研究学園駅,カスミ筑波大学店
613,2022-04-15 23:39:02,2022-04-15 23:51:36,77,研究学園駅,MeeToco 筑波ハム
614,2022-04-15 23:50:44,2022-04-15 23:58:49,77,研究学園駅,東光台東交差点（BLANDE研究学園店）
615,2022-04-15 23:59:03,2022-04-16 00:13:43,77,研究学園駅,カスミフードスクエア学園の森店
616,2022-04-16 07:53:48,2022-04-16 08:04:48,77,研究学園駅,ZOZOBASEつくば１
617,2022-04-16 09:45:32,2022-04-16 09:54:02,77,カスミ筑波大学店,つくば駅（中央公園）
618,2022-04-16 10:39:05,2022-04-16 11:01:05,154,東光台東交差点（BLANDE研究学園店）,研究学園駅
619,2022-04-16 11:34:52,2022-04-16 11:42:32,77,研究学園駅,東光台東交差点（BLANDE研究学園店）
620,2022-04-16 11:49:37,2022-04-16 11:58:39,77,MeeToco 筑波ハム,ファミリーマートつくば葛城店
621,2022-04-16 12:00:46,2022-04-16 12:46:29,308,つくば駅（中央公園）,つくば駅（中央公園）
622,2022-04-16 12:34:36,2022-04-16 12:41:35,77,二の宮公園,つくば駅（中央公園）
623,2022-04-16 13:01:13,2022-04-16 14:08:11,385,二の宮公園,研究学園駅
624,2022-04-16 13:16:55,2022-04-16 13:42:44,154,二の宮公園,イーアスつくば
625,2022-04-16 13:52:47,2022-04-16 15:52:14,616,イーアスつくば,研究学園駅
626,2022-04-16 14:08:02,2022-04-16 15:52:22,539,研究学園駅,研究学園駅
627,2022-04-16 14:13:03,2022-04-16 14:37:56,154,松代ショッピングセンター,松代ショッピングセンター
628,2022-04-16 14:13:19,2022-04-16 15:37:47,462,つくば駅（中央公園）,つくば駅（中央公園）
629,2022-04-16 14:13:20,2022-04-16 14:38:09,154,松代ショッピングセンター,松代ショッピングセンター
630,2022-04-16 14:16:00,2022-04-16 14:26:23,77,研究学園駅,東光台東交差点（BLANDE研究学園店）
631,2022-04-16 14:29:37,2022-04-16 14:42:48,77,カスミフードスクエア学園の森店,研究学園駅
632,2022-04-16 14:33:50,2022-04-16 14:56:47,154,ファミリーマートつくば葛城店,二の宮公園
633,2022-04-16 14:34:06,2022-04-16 14:56:45,154,ファミリーマートつくば葛城店,二の宮公園
634,2022-04-16 14:48:35,2022-04-16 15:40:39,308,つくば市役所,二の宮公園
635,2022-04-16 15:14:59,2022-04-16 15:37:28,154,LALAガーデンつくば,ファミリーマートつくば葛城店
636,2022-04-16 15:39:26,2022-04-16 15:58:07,154,ZOZOBASEつくば２,つくば駅（中央公園）
637,2022-04-16 15:39:34,2022-04-16 15:58:16,154,ZOZOBASEつくば２,つくば駅（中央公園）
638,2022-04-16 15:40:20,2022-04-16 16:01:22,154,研究学園駅,研究学園駅
639,2022-04-16 16:09:09,2022-04-16 16:33:40,154,東光台東交差点（BLANDE研究学園店）,東光台東交差点（BLANDE研究学園店）
640,2022-04-16 16:22:37,2022-04-16 17:21:51,308,研究学園駅,研究学園駅
641,2022-04-16 16:31:01,2022-04-16 16:47:25,154,二の宮公園,デイズタウン
642,2022-04-16 16:32:30,2022-04-16 17:19:41,308,つくば駅（中央公園）,つくば駅（中央公園）
643,2022-04-16 16:32:30,2022-04-16 17:19:32,308,つくば駅（中央公園）,つくば駅（中央公園）
644,2022-04-16 17:18:17,2022-04-16 17:40:04,154,つくば駅（中央公園）,ZOZOBASEつくば２
645,2022-04-16 17:18:18,2022-04-16 17:39:47,154,つくば駅（中央公園）,ZOZOBASEつくば２
646,2022-04-16 17:28:18,2022-04-16 17:32:23,77,つくば駅（中央公園）,デイズタウン
647,2022-04-16 17:35:36,2022-04-16 17:53:44,154,ファミリーマート筑波記念病院前店,研究学園駅
648,2022-04-16 17:40:07,2022-04-16 19:30:14,616,MeeToco 筑波ハム,MeeToco 筑波ハム
649,2022-04-16 17:42:14,2022-04-16 17:51:15,77,デイズタウン,二の宮公園
650,2022-04-16 18:12:28,2022-04-16 22:08:00,1232,デイズタウン,デイズタウン
651,2022-04-16 18:23:38,2022-04-16 22:08:37,1155,デイズタウン,デイズタウン
652,2022-04-16 18:40:48,2022-04-16 18:55:30,77,つくば駅（中央公園）,ZOZOBASEつくば２
653,2022-04-16 18:58:20,2022-04-16 21:25:57,770,ファミリーマートつくば葛城店,ファミリーマートつくば葛城店
654,2022-04-16 21:01:14,2022-04-16 21:18:02,154,カスミ筑波大学店,つくば駅（中央公園）
655,2022-04-16 21:11:21,2022-04-16 21:30:33,154,二の宮公園,ファミリーマートつくば葛城店
656,2022-04-16 21:11:26,2022-04-16 21:30:48,154,二の宮公園,ファミリーマートつくば葛城店
657,2022-04-16 21:55:07,2022-04-16 22:11:51,154,ZOZOBASEつくば２,つくば駅（中央公園）
658,2022-04-16 22:28:50,2022-04-16 22:40:20,77,デイズタウン,カスミ筑波大学店
659,2022-04-16 22:45:15,2022-04-16 22:59:49,77,研究学園駅,カスミ筑波大学店
660,2022-04-17 00:17:57,2022-04-17 00:35:18,154,研究学園駅,ファミリーマート筑波記念病院前店
661,2022-04-17 00:52:54,2022-04-17 01:24:36,231,つくば駅（中央公園）,東光台東交差点（BLANDE研究学園店）
662,2022-04-17 07:09:53,2022-04-17 07:50:24,231,二の宮公園,デイズタウン
663,2022-04-17 07:31:38,2022-04-17 08:01:42,231,研究学園駅,研究学園駅
664,2022-04-17 08:07:03,2022-04-17 08:14:48,77,研究学園駅,イーアスつくば
665,2022-04-17 08:35:15,2022-04-17 08:41:50,77,カスミ筑波大学店,つくば駅（中央公園）
666,2022-04-17 08:48:56,2022-04-17 09:00:31,77,つくば駅（中央公園）,LALAガーデンつくば
667,2022-04-17 08:51:30,2022-04-17 09:00:26,77,MeeToco 筑波ハム,研究学園駅
668,2022-04-17 08:54:31,2022-04-17 11:42:23,924,デイズタウン,デイズタウン
669,2022-04-17 09:13:20,2022-04-17 09:14:06,77,研究学園駅,研究学園駅
670,2022-04-17 09:19:10,2022-04-17 09:27:52,77,つくば駅（中央公園）,二の宮公園
671,2022-04-17 09:34:53,2022-04-17 09:43:19,77,カスミ筑波大学店,つくば駅（中央公園）
672,2022-04-17 09:36:44,2022-04-17 13:16:24,1155,研究学園駅,研究学園駅
673,2022-04-17 09:43:18,2022-04-17 09:55:01,77,LALAガーデンつくば,つくば駅（中央公園）
674,2022-04-17 09:53:36,2022-04-17 10:24:27,231,科学万博記念公園,つくば市役所
675,2022-04-17 10:12:08,2022-04-17 10:24:14,77,研究学園駅,ZOZOBASEつくば１
676,2022-04-17 10:21:52,2022-04-17 10:34:01,77,二の宮公園,つくば駅（中央公園）
677,2022-04-17 10:23:47,2022-04-17 11:23:42,308,つくば駅（中央公園）,つくば駅（中央公園）
678,2022-04-17 10:36:02,2022-04-17 10:45:07,77,東光台東交差点（BLANDE研究学園店）,研究学園駅
679,2022-04-17 10:49:31,2022-04-17 13:12:21,770,カスミフードスクエア学園の森店,カスミフードスクエア学園の森店
680,2022-04-17 10:49:37,2022-04-17 11:03:13,77,つくば駅（中央公園）,ZOZOBASEつくば２
681,2022-04-17 11:06:00,2022-04-17 13:10:23,693,イーアスつくば,研究学園駅
682,2022-04-17 11:07:20,2022-04-17 11:19:57,77,カスミ筑波大学店,ZOZOBASEつくば２
683,2022-04-17 11:37:08,2022-04-17 11:44:26,77,東光台東交差点（BLANDE研究学園店）,研究学園駅
684,2022-04-17 11:48:18,2022-04-17 11:59:39,77,ZOZOBASEつくば２,カスミ筑波大学店
685,2022-04-17 11:52:35,2022-04-17 12:07:10,77,研究学園駅,カスミフードスクエア学園の森店
686,2022-04-17 12:01:13,2022-04-17 12:12:02,77,つくば駅（中央公園）,LALAガーデンつくば
687,2022-04-17 12:16:25,2022-04-17 12:54:54,231,つくば市役所,イーアスつくば
688,2022-04-17 12:16:50,2022-04-17 12:53:02,231,つくば市役所,イーアスつくば
689,2022-04-17 12:31:50,2022-04-17 12:40:48,77,カスミ筑波大学店,つくば駅（中央公園）
690,2022-04-17 12:32:47,2022-04-17 13:20:26,308,デイズタウン,デイズタウン
691,2022-04-17 12:50:24,2022-04-17 14:22:39,539,松代ショッピングセンター,松代ショッピングセンター
692,2022-04-17 12:53:26,2022-04-17 12:55:06,77,イーアスつくば,イーアスつくば
693,2022-04-17 13:02:47,2022-04-17 14:27:50,462,東光台東交差点（BLANDE研究学園店）,東光台東交差点（BLANDE研究学園店）
694,2022-04-17 13:02:49,2022-04-17 14:27:44,462,東光台東交差点（BLANDE研究学園店）,東光台東交差点（BLANDE研究学園店）
695,2022-04-17 13:35:15,2022-04-17 18:32:13,1500,ZOZOBASEつくば２,ZOZOBASEつくば２
696,2022-04-17 13:44:06,2022-04-17 15:30:08,616,カスミフードスクエア学園の森店,ZOZOBASEつくば１
697,2022-04-17 14:35:54,2022-04-17 16:00:19,462,研究学園駅,研究学園駅
698,2022-04-17 14:41:11,2022-04-17 14:58:38,154,MeeToco 筑波ハム,イーアスつくば
699,2022-04-17 15:18:33,2022-04-17 18:28:17,1001,つくば駅（中央公園）,つくば駅（中央公園）
700,2022-04-17 15:23:51,2022-04-17 18:55:04,1155,つくば駅（中央公園）,つくば駅（中央公園）
701,2022-04-17 16:12:06,2022-04-17 19:40:38,1078,カスミ筑波大学店,カスミ筑波大学店
702,2022-04-17 17:50:33,2022-04-17 18:32:16,231,MeeToco 筑波ハム,MeeToco 筑波ハム
703,2022-04-17 18:04:43,2022-04-17 18:12:24,77,LALAガーデンつくば,つくば駅（中央公園）
704,2022-04-17 18:12:46,2022-04-17 18:26:43,77,松代ショッピングセンター,つくば駅（中央公園）
705,2022-04-17 18:55:37,2022-04-17 19:06:07,77,研究学園駅,東光台東交差点（BLANDE研究学園店）
706,2022-04-17 19:19:09,2022-04-17 19:27:45,77,つくば駅（中央公園）,カスミフードスクエア学園店
707,2022-04-17 20:21:38,2022-04-17 20:30:14,77,研究学園駅,MeeToco 筑波ハム
708,2022-04-17 21:18:47,2022-04-17 21:30:13,77,東光台東交差点（BLANDE研究学園店）,研究学園駅
709,2022-04-17 21:21:45,2022-04-17 21:38:41,154,つくば駅（中央公園）,松代ショッピングセンター
710,2022-04-17 23:42:28,2022-04-17 23:52:20,77,研究学園駅,カスミフードスクエア学園の森店
711,2022-04-18 00:50:38,2022-04-18 01:00:51,77,つくば駅（中央公園）,カスミ筑波大学店
712,2022-04-18 08:10:59,2022-04-18 08:19:19,77,東光台東交差点（BLANDE研究学園店）,研究学園駅
713,2022-04-18 08:48:17,2022-04-18 08:57:59,77,つくば駅（中央公園）,二の宮公園
714,2022-04-18 09:13:43,2022-04-18 09:23:03,77,二の宮公園,つくば駅（中央公園）
715,2022-04-18 09:14:42,2022-04-18 09:30:38,154,研究学園駅,東光台東交差点（BLANDE研究学園店）
716,2022-04-18 09:53:52,2022-04-18 09:58:20,77,研究学園駅,研究学園駅
717,2022-04-18 10:09:24,2022-04-18 10:17:54,77,研究学園駅,学園南公園
718,2022-04-18 10:51:38,2022-04-18 10:58:08,77,東光台東交差点（BLANDE研究学園店）,イーアスつくば
719,2022-04-18 11:03:17,2022-04-18 11:11:25,77,つくば駅（中央公園）,カスミ筑波大学店
720,2022-04-18 11:34:19,2022-04-18 11:43:03,77,MeeToco 筑波ハム,カスミフードスクエア学園の森店
721,2022-04-18 11:36:33,2022-04-18 11:56:27,154,カスミ筑波大学店,つくば駅（中央公園）
722,2022-04-18 11:45:54,2022-04-18 11:54:17,77,つくばスタートアップパーク（つくば市産業振興センター）,カスミ筑波大学店
723,2022-04-18 12:48:03,2022-04-18 12:53:24,77,イーアスつくば,つくば市役所
724,2022-04-18 12:55:42,2022-04-18 13:09:09,77,東光台東交差点（BLANDE研究学園店）,カスミフードスクエア学園の森店
725,2022-04-18 13:36:43,2022-04-18 13:51:03,77,カスミフードスクエア学園の森店,ファミリーマート筑波記念病院前店
726,2022-04-18 13:41:36,2022-04-18 13:49:40,77,カスミ筑波大学店,つくば駅（中央公園）
727,2022-04-18 13:58:32,2022-04-18 14:25:55,154,MeeToco 筑波ハム,MeeToco 筑波ハム
728,2022-04-18 14:00:30,2022-04-18 14:09:06,77,イーアスつくば,学園南公園
729,2022-04-18 14:40:05,2022-04-18 14:58:15,154,カスミ筑波大学店,つくば市役所
730,2022-04-18 14:58:52,2022-04-18 15:33:32,231,イーアスつくば,LALAガーデンつくば
731,2022-04-18 21:03:14,2022-04-18 21:16:34,77,つくば駅（中央公園）,つくば駅（中央公園）
732,2022-04-18 22:42:21,2022-04-18 22:52:35,77,二の宮公園,つくば駅（中央公園）
733,2022-04-19 00:28:13,2022-04-19 00:41:17,77,つくば駅（中央公園）,研究学園駅
734,2022-04-19 00:48:12,2022-04-19 00:59:51,77,つくば駅（中央公園）,カスミ筑波大学店
735,2022-04-19 07:18:52,2022-04-19 07:38:52,154,ZOZOBASEつくば２,イーアスつくば
736,2022-04-19 07:43:30,2022-04-19 08:03:14,154,研究学園駅,ファミリーマート筑波記念病院前店
737,2022-04-19 07:59:27,2022-04-19 08:09:47,77,つくば駅（中央公園）,二の宮公園
738,2022-04-19 08:26:45,2022-04-19 08:33:14,77,イーアスつくば,東光台東交差点（BLANDE研究学園店）
739,2022-04-19 08:35:24,2022-04-19 08:53:00,154,カスミ筑波大学店,LALAガーデンつくば
740,2022-04-19 09:02:33,2022-04-19 09:11:15,77,つくばスタートアップパーク（つくば市産業振興センター）,カスミ筑波大学店
741,2022-04-19 09:20:28,2022-04-19 09:27:05,77,ファミリーマートつくば葛城店,イーアスつくば
742,2022-04-19 09:47:41,2022-04-19 09:57:35,77,ファミリーマートつくば葛城店,つくば駅（中央公園）
743,2022-04-19 09:51:56,2022-04-19 10:06:17,77,東光台東交差点（BLANDE研究学園店）,研究学園駅
744,2022-04-19 10:08:25,2022-04-19 10:16:15,77,研究学園駅,学園南公園
745,2022-04-19 10:46:23,2022-04-19 13:49:33,1001,つくば駅（中央公園）,つくば駅（中央公園）
746,2022-04-19 10:56:37,2022-04-19 11:13:22,154,カスミ筑波大学店,つくばスタートアップパーク（つくば市産業振興センター）
747,2022-04-19 12:34:29,2022-04-19 12:43:01,77,イーアスつくば,つくば市役所
748,2022-04-19 13:01:02,2022-04-19 13:09:58,77,つくばスタートアップパーク（つくば市産業振興センター）,カスミ筑波大学店
749,2022-04-19 13:04:00,2022-04-19 13:11:38,77,二の宮公園,つくば駅（中央公園）
750,2022-04-19 13:56:22,2022-04-19 14:07:32,77,MeeToco 筑波ハム,カスミフードスクエア学園の森店
751,2022-04-19 14:09:03,2022-04-19 14:31:18,154,カスミ筑波大学店,イーアスつくば
752,2022-04-19 14:22:34,2022-04-19 14:29:24,77,イーアスつくば,東光台東交差点（BLANDE研究学園店）
753,2022-04-19 14:32:25,2022-04-19 14:52:05,154,カスミフードスクエア学園の森店,MeeToco 筑波ハム
754,2022-04-19 15:23:27,2022-04-19 15:37:27,77,学園南公園,学園南公園
755,2022-04-19 15:55:23,2022-04-19 16:07:24,77,ZOZOBASEつくば１,研究学園駅
756,2022-04-19 16:09:06,2022-04-19 16:29:56,154,イーアスつくば,カスミ筑波大学店
757,2022-04-19 16:21:56,2022-04-19 16:48:52,154,つくば駅（中央公園）,イーアスつくば
758,2022-04-19 16:28:59,2022-04-19 16:44:30,154,二の宮公園,二の宮公園
759,2022-04-19 17:25:40,2022-04-19 17:36:58,77,ZOZOBASEつくば１,研究学園駅
760,2022-04-19 17:58:11,2022-04-19 18:12:25,77,ファミリーマート筑波記念病院前店,カスミ筑波大学店
761,2022-04-19 18:14:33,2022-04-19 18:27:19,77,つくば市役所,研究学園駅
762,2022-04-19 18:21:27,2022-04-19 18:41:55,154,イーアスつくば,カスミ筑波大学店
763,2022-04-19 18:22:39,2022-04-19 18:30:48,77,カスミ筑波大学店,つくば駅（中央公園）
764,2022-04-19 18:29:44,2022-04-19 18:45:48,154,LALAガーデンつくば,研究学園駅
765,2022-04-19 18:31:31,2022-04-19 19:33:45,385,研究学園駅,研究学園駅
766,2022-04-19 18:52:48,2022-04-19 19:03:24,77,二の宮公園,LALAガーデンつくば
767,2022-04-19 18:59:55,2022-04-19 19:28:53,154,つくば市役所,ZOZOBASEつくば２
768,2022-04-19 19:12:06,2022-04-19 19:17:34,77,デイズタウン,つくば駅（中央公園）
769,2022-04-19 19:51:47,2022-04-19 20:14:48,154,ZOZOBASEつくば１,LALAガーデンつくば
770,2022-04-19 19:59:59,2022-04-19 20:14:23,77,カスミ筑波大学店,ファミリーマートつくば葛城店
771,2022-04-19 20:12:23,2022-04-19 20:30:31,154,デイズタウン,カスミ筑波大学店
772,2022-04-19 20:46:17,2022-04-19 20:54:45,77,カスミ筑波大学店,つくば駅（中央公園）
773,2022-04-19 20:55:59,2022-04-19 21:09:00,77,つくば駅（中央公園）,カスミ筑波大学店
774,2022-04-19 21:23:43,2022-04-19 22:02:29,231,研究学園駅,東光台東交差点（BLANDE研究学園店）
775,2022-04-19 21:37:19,2022-04-19 21:51:33,77,ファミリーマートつくば葛城店,カスミ筑波大学店
776,2022-04-19 21:41:18,2022-04-19 21:50:12,77,東光台東交差点（BLANDE研究学園店）,研究学園駅
777,2022-04-19 22:33:43,2022-04-19 22:35:37,77,つくば駅（中央公園）,つくば駅（中央公園）
778,2022-04-19 22:35:50,2022-04-19 22:47:41,77,つくば駅（中央公園）,LALAガーデンつくば
779,2022-04-19 22:40:13,2022-04-19 22:48:47,77,つくば駅（中央公園）,LALAガーデンつくば
780,2022-04-19 23:58:08,2022-04-20 00:06:33,77,つくば駅（中央公園）,ファミリーマートつくば葛城店
781,2022-04-20 05:57:45,2022-04-20 06:07:28,77,カスミ筑波大学店,つくば駅（中央公園）
782,2022-04-20 06:07:38,2022-04-20 06:16:21,77,カスミフードスクエア学園の森店,東光台東交差点（BLANDE研究学園店）
783,2022-04-20 06:11:14,2022-04-20 06:55:47,231,カスミ筑波大学店,東光台東交差点（BLANDE研究学園店）
784,2022-04-20 07:42:24,2022-04-20 07:50:30,77,研究学園駅,イーアスつくば
785,2022-04-20 08:09:31,2022-04-20 08:15:27,77,東光台東交差点（BLANDE研究学園店）,研究学園駅
786,2022-04-20 08:11:35,2022-04-20 08:19:48,77,研究学園駅,ZOZOBASEつくば１
787,2022-04-20 08:19:20,2022-04-20 08:29:35,77,カスミ筑波大学店,つくば駅（中央公園）
788,2022-04-20 08:38:44,2022-04-20 08:45:10,77,東光台東交差点（BLANDE研究学園店）,研究学園駅
789,2022-04-20 10:08:26,2022-04-20 11:09:55,385,東光台東交差点（BLANDE研究学園店）,カスミ筑波大学店
790,2022-04-20 10:40:53,2022-04-20 10:56:38,154,松代ショッピングセンター,つくば駅（中央公園）
791,2022-04-20 10:52:53,2022-04-20 11:11:14,154,学園南公園,イーアスつくば
792,2022-04-20 10:56:15,2022-04-20 10:58:11,77,つくば駅（中央公園）,つくば駅（中央公園）
793,2022-04-20 10:58:31,2022-04-20 12:47:20,616,つくば駅（中央公園）,研究学園駅
794,2022-04-20 12:05:27,2022-04-20 13:54:14,616,つくば駅（中央公園）,つくば駅（中央公園）
795,2022-04-20 12:11:01,2022-04-20 12:12:25,77,つくば駅（中央公園）,つくば駅（中央公園）
796,2022-04-20 12:41:37,2022-04-20 15:18:53,847,MeeToco 筑波ハム,MeeToco 筑波ハム
797,2022-04-20 12:46:28,2022-04-20 12:53:37,77,イーアスつくば,つくば市役所
798,2022-04-20 12:53:18,2022-04-20 13:00:01,77,研究学園駅,東光台東交差点（BLANDE研究学園店）
799,2022-04-20 13:22:45,2022-04-20 13:56:11,231,東光台東交差点（BLANDE研究学園店）,研究学園駅
800,2022-04-20 13:45:56,2022-04-20 15:23:41,539,研究学園駅,研究学園駅
801,2022-04-20 13:45:58,2022-04-20 15:23:30,539,研究学園駅,研究学園駅
802,2022-04-20 14:24:30,2022-04-20 14:31:08,77,研究学園駅,東光台東交差点（BLANDE研究学園店）
803,2022-04-20 14:36:11,2022-04-20 15:08:19,231,イーアスつくば,カスミフードスクエア学園店
804,2022-04-20 14:40:19,2022-04-20 15:08:10,154,研究学園駅,カスミフードスクエア学園店
805,2022-04-20 14:40:35,2022-04-20 14:49:51,77,東光台東交差点（BLANDE研究学園店）,カスミフードスクエア学園の森店
806,2022-04-20 14:59:47,2022-04-20 15:32:52,231,研究学園駅,学園南公園
807,2022-04-20 15:18:47,2022-04-20 15:30:04,77,カスミ筑波大学店,つくば駅（中央公園）
808,2022-04-20 15:30:40,2022-04-20 15:34:18,77,つくば市役所,研究学園駅
809,2022-04-20 15:37:42,2022-04-20 15:47:08,77,カスミ筑波大学店,つくば駅（中央公園）
810,2022-04-20 15:38:55,2022-04-20 15:47:14,77,東光台東交差点（BLANDE研究学園店）,研究学園駅
811,2022-04-20 17:20:48,2022-04-20 17:28:32,77,ZOZOBASEつくば１,研究学園駅
812,2022-04-20 17:38:58,2022-04-20 17:48:04,77,ZOZOBASEつくば１,研究学園駅
813,2022-04-20 18:15:08,2022-04-20 18:26:17,77,研究学園駅,ZOZOBASEつくば１
814,2022-04-20 18:23:26,2022-04-20 18:51:39,154,ZOZOBASEつくば１,つくば駅（中央公園）
815,2022-04-20 18:58:53,2022-04-20 19:25:21,154,ファミリーマート筑波記念病院前店,イーアスつくば
816,2022-04-20 18:58:55,2022-04-20 19:25:20,154,ファミリーマート筑波記念病院前店,イーアスつくば
817,2022-04-20 18:59:18,2022-04-20 19:10:03,77,ZOZOBASEつくば１,研究学園駅
818,2022-04-20 19:42:06,2022-04-20 19:49:27,77,つくば駅（中央公園）,ファミリーマートつくば葛城店
819,2022-04-20 20:23:19,2022-04-20 21:26:19,385,研究学園駅,ファミリーマート筑波記念病院前店
820,2022-04-20 20:23:22,2022-04-20 21:26:24,385,研究学園駅,ファミリーマート筑波記念病院前店
821,2022-04-20 20:54:54,2022-04-20 21:04:24,77,つくば駅（中央公園）,二の宮公園
822,2022-04-20 21:06:00,2022-04-20 21:14:19,77,研究学園駅,MeeToco 筑波ハム
823,2022-04-20 21:28:22,2022-04-20 21:37:19,77,二の宮公園,つくば駅（中央公園）
824,2022-04-20 21:43:50,2022-04-20 21:50:52,77,研究学園駅,東光台東交差点（BLANDE研究学園店）
825,2022-04-20 22:16:43,2022-04-20 22:27:38,77,つくば駅（中央公園）,二の宮公園
826,2022-04-20 23:29:00,2022-04-20 23:29:35,77,つくば駅（中央公園）,つくば駅（中央公園）
827,2022-04-20 23:59:14,2022-04-21 00:11:01,77,つくば駅（中央公園）,松代ショッピングセンター
828,2022-04-21 06:21:56,2022-04-21 06:27:50,77,東光台東交差点（BLANDE研究学園店）,研究学園駅
829,2022-04-21 07:59:37,2022-04-21 08:09:17,77,つくば駅（中央公園）,二の宮公園
830,2022-04-21 08:13:13,2022-04-21 08:13:58,77,研究学園駅,研究学園駅
831,2022-04-21 08:14:08,2022-04-21 08:21:30,77,研究学園駅,イーアスつくば
832,2022-04-21 08:43:54,2022-04-21 08:56:18,77,LALAガーデンつくば,つくばスタートアップパーク（つくば市産業振興センター）
833,2022-04-21 09:23:07,2022-04-21 09:32:59,77,研究学園駅,科学万博記念公園
834,2022-04-21 09:26:28,2022-04-21 09:31:02,77,研究学園駅,つくば市役所
835,2022-04-21 09:39:33,2022-04-21 09:54:46,154,つくば駅（中央公園）,カスミ筑波大学店
836,2022-04-21 10:06:02,2022-04-21 18:00:05,1500,つくば市役所,つくば市役所
837,2022-04-21 10:19:58,2022-04-21 10:49:25,154,デイズタウン,東光台東交差点（BLANDE研究学園店）
838,2022-04-21 10:29:48,2022-04-21 11:04:35,231,研究学園駅,研究学園駅
839,2022-04-21 10:51:36,2022-04-21 11:00:11,77,二の宮公園,つくば駅（中央公園）
840,2022-04-21 11:16:14,2022-04-21 12:48:47,539,つくば駅（中央公園）,つくば駅（中央公園）
841,2022-04-21 11:21:21,2022-04-21 11:29:38,77,研究学園駅,東光台東交差点（BLANDE研究学園店）
842,2022-04-21 11:39:33,2022-04-21 11:48:01,77,東光台東交差点（BLANDE研究学園店）,研究学園駅
843,2022-04-21 12:10:08,2022-04-21 12:36:29,154,研究学園駅,つくば市役所
844,2022-04-21 12:10:37,2022-04-21 12:24:18,77,研究学園駅,研究学園駅
845,2022-04-21 12:23:09,2022-04-21 13:25:42,385,研究学園駅,研究学園駅
846,2022-04-21 12:31:32,2022-04-21 12:40:04,77,二の宮公園,つくば駅（中央公園）
847,2022-04-21 13:04:46,2022-04-21 14:20:48,462,つくばスタートアップパーク（つくば市産業振興センター）,つくばスタートアップパーク（つくば市産業振興センター）
848,2022-04-21 15:46:54,2022-04-21 16:03:31,154,カスミ筑波大学店,つくば駅（中央公園）
849,2022-04-21 15:50:12,2022-04-21 16:00:17,77,イーアスつくば,東光台東交差点（BLANDE研究学園店）
850,2022-04-21 16:04:00,2022-04-21 16:15:00,77,ファミリーマート筑波記念病院前店,カスミフードスクエア学園の森店
851,2022-04-21 16:28:57,2022-04-21 16:52:01,154,東光台東交差点（BLANDE研究学園店）,つくば駅（中央公園）
852,2022-04-21 16:29:51,2022-04-21 16:44:37,77,カスミ筑波大学店,デイズタウン
853,2022-04-21 16:49:56,2022-04-21 16:59:42,77,つくば市役所,研究学園駅
854,2022-04-21 16:55:49,2022-04-21 17:04:05,77,東光台東交差点（BLANDE研究学園店）,研究学園駅
855,2022-04-21 17:03:41,2022-04-21 17:14:53,77,カスミフードスクエア学園の森店,ファミリーマート筑波記念病院前店
856,2022-04-21 17:04:00,2022-04-21 17:14:36,77,つくば駅（中央公園）,二の宮公園
857,2022-04-21 17:22:19,2022-04-21 17:27:31,77,つくば市役所,イーアスつくば
858,2022-04-21 17:24:36,2022-04-21 17:31:42,77,ZOZOBASEつくば１,研究学園駅
859,2022-04-21 17:40:37,2022-04-21 18:09:46,154,ZOZOBASEつくば１,松代ショッピングセンター
860,2022-04-21 17:42:30,2022-04-21 17:54:00,77,つくば駅（中央公園）,カスミ筑波大学店
861,2022-04-21 18:14:17,2022-04-21 18:34:25,154,研究学園駅,東光台東交差点（BLANDE研究学園店）
862,2022-04-21 18:32:22,2022-04-21 18:47:08,77,ファミリーマート筑波記念病院前店,カスミ筑波大学店
863,2022-04-21 18:39:47,2022-04-21 19:43:54,385,研究学園駅,研究学園駅
864,2022-04-21 20:44:08,2022-04-21 21:23:25,231,二の宮公園,つくば駅（中央公園）
865,2022-04-21 20:45:07,2022-04-21 20:52:53,77,MeeToco 筑波ハム,研究学園駅
866,2022-04-21 21:01:02,2022-04-21 21:10:21,77,カスミフードスクエア学園店,つくば駅（中央公園）
867,2022-04-21 21:02:47,2022-04-21 21:15:20,77,イーアスつくば,ファミリーマートつくば葛城店
868,2022-04-21 21:19:50,2022-04-21 22:01:54,231,LALAガーデンつくば,カスミ筑波大学店
869,2022-04-22 05:19:08,2022-04-22 05:26:37,77,MeeToco 筑波ハム,研究学園駅
870,2022-04-22 07:37:13,2022-04-22 07:50:39,77,研究学園駅,ZOZOBASEつくば１
871,2022-04-22 07:42:05,2022-04-22 07:51:54,77,研究学園駅,ZOZOBASEつくば１
872,2022-04-22 07:57:48,2022-04-22 08:06:02,77,つくば駅（中央公園）,二の宮公園
873,2022-04-22 08:04:22,2022-04-22 08:12:42,77,二の宮公園,つくば駅（中央公園）
874,2022-04-22 08:22:40,2022-04-22 08:25:32,77,研究学園駅,つくば市役所
875,2022-04-22 08:30:28,2022-04-22 08:40:32,77,研究学園駅,ZOZOBASEつくば１
876,2022-04-22 08:30:35,2022-04-22 08:47:09,154,研究学園駅,MeeToco 筑波ハム
877,2022-04-22 08:43:20,2022-04-22 08:52:15,77,ファミリーマートつくば葛城店,つくば駅（中央公園）
878,2022-04-22 08:44:27,2022-04-22 08:53:00,77,つくば駅（中央公園）,二の宮公園
879,2022-04-22 08:55:30,2022-04-22 09:05:30,77,つくば駅（中央公園）,LALAガーデンつくば
880,2022-04-22 08:56:34,2022-04-22 09:08:16,77,カスミフードスクエア学園の森店,研究学園駅
881,2022-04-22 09:08:57,2022-04-22 09:11:44,77,研究学園駅,つくば市役所
882,2022-04-22 09:43:06,2022-04-22 10:45:39,385,カスミ筑波大学店,カスミ筑波大学店
883,2022-04-22 09:46:39,2022-04-22 10:03:37,154,ZOZOBASEつくば２,つくば駅（中央公園）
884,2022-04-22 10:13:07,2022-04-22 10:26:33,77,研究学園駅,ZOZOBASEつくば１
885,2022-04-22 10:39:31,2022-04-22 10:57:33,154,研究学園駅,科学万博記念公園
886,2022-04-22 11:45:12,2022-04-22 11:53:33,77,つくば駅（中央公園）,カスミ筑波大学店
887,2022-04-22 11:48:13,2022-04-22 12:01:47,77,研究学園駅,つくばスタートアップパーク（つくば市産業振興センター）
888,2022-04-22 11:57:05,2022-04-22 14:02:12,693,カスミ筑波大学店,つくば駅（中央公園）
889,2022-04-22 12:03:31,2022-04-22 13:31:54,462,イーアスつくば,つくば市役所
890,2022-04-22 12:04:29,2022-04-22 12:50:49,308,つくば駅（中央公園）,つくば駅（中央公園）
891,2022-04-22 12:24:47,2022-04-22 12:35:55,77,ZOZOBASEつくば１,イーアスつくば
892,2022-04-22 12:46:24,2022-04-22 13:36:25,308,つくば駅（中央公園）,つくば駅（中央公園）
893,2022-04-22 13:18:05,2022-04-22 13:38:12,154,つくば駅（中央公園）,つくば市役所
894,2022-04-22 13:58:59,2022-04-22 14:25:25,154,イーアスつくば,松代ショッピングセンター
895,2022-04-22 14:10:36,2022-04-22 15:28:35,462,イーアスつくば,イーアスつくば
896,2022-04-22 14:28:52,2022-04-22 14:46:05,154,カスミフードスクエア学園店,ファミリーマートつくば葛城店
897,2022-04-22 15:10:46,2022-04-22 15:21:16,77,ZOZOBASEつくば１,研究学園駅
898,2022-04-22 15:32:02,2022-04-22 17:39:34,693,つくば駅（中央公園）,つくば駅（中央公園）
899,2022-04-22 15:37:26,2022-04-22 15:50:07,77,カスミ筑波大学店,デイズタウン
900,2022-04-22 15:39:54,2022-04-22 15:59:11,154,ZOZOBASEつくば１,つくば駅（中央公園）
901,2022-04-22 15:44:05,2022-04-22 16:16:11,231,つくば駅（中央公園）,つくば駅（中央公園）
902,2022-04-22 15:55:06,2022-04-22 16:31:52,231,研究学園駅,ZOZOBASEつくば１
903,2022-04-22 16:13:37,2022-04-22 16:22:53,77,デイズタウン,二の宮公園
904,2022-04-22 16:13:59,2022-04-22 16:28:26,77,つくば駅（中央公園）,ZOZOBASEつくば２
905,2022-04-22 16:20:53,2022-04-22 16:38:28,154,科学万博記念公園,研究学園駅
906,2022-04-22 16:21:22,2022-04-22 16:38:36,154,科学万博記念公園,研究学園駅
907,2022-04-22 16:31:49,2022-04-22 16:47:47,154,カスミ筑波大学店,研究学園駅
908,2022-04-22 16:38:10,2022-04-22 16:48:51,77,二の宮公園,デイズタウン
909,2022-04-22 17:29:07,2022-04-22 18:04:37,231,つくば駅（中央公園）,デイズタウン
910,2022-04-22 17:29:09,2022-04-22 18:04:30,231,つくば駅（中央公園）,デイズタウン
911,2022-04-22 17:29:26,2022-04-22 17:36:08,77,ZOZOBASEつくば１,研究学園駅
912,2022-04-22 17:48:53,2022-04-22 18:13:55,154,つくば駅（中央公園）,MeeToco 筑波ハム
913,2022-04-22 18:04:17,2022-04-22 18:26:53,154,研究学園駅,二の宮公園
914,2022-04-22 18:22:12,2022-04-22 18:30:15,77,二の宮公園,つくば駅（中央公園）
915,2022-04-22 18:25:49,2022-04-22 18:38:41,77,研究学園駅,東光台東交差点（BLANDE研究学園店）
916,2022-04-22 18:26:14,2022-04-22 19:53:01,462,研究学園駅,研究学園駅
917,2022-04-22 18:26:24,2022-04-22 19:52:54,462,研究学園駅,研究学園駅
918,2022-04-22 18:50:46,2022-04-22 18:58:05,77,ファミリーマートつくば葛城店,つくば駅（中央公園）
919,2022-04-22 19:03:00,2022-04-22 19:08:06,77,二の宮公園,デイズタウン
920,2022-04-22 19:27:50,2022-04-22 19:38:58,77,ZOZOBASEつくば１,研究学園駅
921,2022-04-22 19:30:58,2022-04-22 19:54:42,154,イーアスつくば,つくば駅（中央公園）
922,2022-04-22 19:38:59,2022-04-22 19:55:42,154,つくば市役所,LALAガーデンつくば
923,2022-04-22 19:40:24,2022-04-22 19:45:49,77,デイズタウン,二の宮公園
924,2022-04-22 19:57:41,2022-04-22 20:07:23,77,ファミリーマートつくば葛城店,イーアスつくば
925,2022-04-22 20:00:10,2022-04-22 20:18:32,154,二の宮公園,カスミ筑波大学店
926,2022-04-22 20:09:23,2022-04-22 20:18:00,77,カスミ筑波大学店,つくば駅（中央公園）
927,2022-04-22 20:24:54,2022-04-22 20:43:12,154,カスミ筑波大学店,つくば駅（中央公園）
928,2022-04-22 20:27:40,2022-04-22 20:47:18,154,つくば駅（中央公園）,研究学園駅
929,2022-04-22 20:30:10,2022-04-22 20:54:58,154,東光台東交差点（BLANDE研究学園店）,研究学園駅
930,2022-04-22 20:45:05,2022-04-22 20:57:55,77,つくば駅（中央公園）,LALAガーデンつくば
931,2022-04-22 20:53:14,2022-04-22 21:03:26,77,つくば駅（中央公園）,カスミ筑波大学店
932,2022-04-22 21:07:30,2022-04-22 21:15:08,77,LALAガーデンつくば,つくば駅（中央公園）
933,2022-04-22 22:11:52,2022-04-22 22:19:40,77,研究学園駅,東光台東交差点（BLANDE研究学園店）
934,2022-04-22 22:19:52,2022-04-22 22:30:15,77,LALAガーデンつくば,つくば駅（中央公園）
935,2022-04-22 22:34:27,2022-04-22 22:42:58,77,研究学園駅,東光台東交差点（BLANDE研究学園店）
936,2022-04-22 22:35:41,2022-04-22 22:44:09,77,研究学園駅,東光台東交差点（BLANDE研究学園店）
937,2022-04-22 22:57:47,2022-04-22 23:10:02,77,つくば駅（中央公園）,ファミリーマートつくば葛城店
938,2022-04-22 23:04:25,2022-04-22 23:20:25,154,研究学園駅,カスミ筑波大学店
939,2022-04-22 23:59:03,2022-04-23 00:11:14,77,つくば駅（中央公園）,松代ショッピングセンター
940,2022-04-23 00:21:56,2022-04-23 00:33:30,77,カスミ筑波大学店,つくば駅（中央公園）
941,2022-04-23 00:29:24,2022-04-23 00:38:59,77,つくば駅（中央公園）,カスミ筑波大学店
942,2022-04-23 00:29:34,2022-04-23 00:35:15,77,つくば駅（中央公園）,カスミフードスクエア学園店
943,2022-04-23 00:31:40,2022-04-23 00:42:25,77,つくば駅（中央公園）,カスミ筑波大学店
944,2022-04-23 00:43:33,2022-04-23 01:11:58,154,研究学園駅,カスミフードスクエア学園の森店
945,2022-04-23 00:47:07,2022-04-23 00:55:39,77,つくば駅（中央公園）,カスミ筑波大学店
946,2022-04-23 00:48:52,2022-04-23 01:00:15,77,つくば駅（中央公園）,ファミリーマートつくば葛城店
947,2022-04-23 00:50:26,2022-04-23 01:13:34,154,つくば駅（中央公園）,つくばスタートアップパーク（つくば市産業振興センター）
948,2022-04-23 00:52:13,2022-04-23 01:19:18,154,つくば駅（中央公園）,つくばスタートアップパーク（つくば市産業振興センター）
949,2022-04-23 08:03:32,2022-04-23 09:11:34,385,つくばスタートアップパーク（つくば市産業振興センター）,つくば駅（中央公園）
950,2022-04-23 08:44:48,2022-04-23 08:53:45,77,LALAガーデンつくば,つくばスタートアップパーク（つくば市産業振興センター）
951,2022-04-23 08:51:39,2022-04-23 09:10:47,154,ZOZOBASEつくば２,デイズタウン
952,2022-04-23 09:02:23,2022-04-23 09:12:35,77,カスミフードスクエア学園の森店,研究学園駅
953,2022-04-23 09:06:17,2022-04-23 12:32:11,1078,つくば市役所,つくば駅（中央公園）
954,2022-04-23 09:06:51,2022-04-23 12:32:16,1078,つくば市役所,つくば駅（中央公園）
955,2022-04-23 09:11:50,2022-04-23 09:21:56,77,つくば駅（中央公園）,LALAガーデンつくば
956,2022-04-23 09:20:22,2022-04-23 11:43:57,770,松代ショッピングセンター,松代ショッピングセンター
957,2022-04-23 10:09:52,2022-04-23 10:22:33,77,研究学園駅,ZOZOBASEつくば１
958,2022-04-23 10:16:36,2022-04-23 11:31:56,462,つくばスタートアップパーク（つくば市産業振興センター）,つくば駅（中央公園）
959,2022-04-23 10:31:33,2022-04-23 11:05:46,231,デイズタウン,学園南公園
960,2022-04-23 10:58:17,2022-04-23 12:01:02,385,ZOZOBASEつくば２,ZOZOBASEつくば２
961,2022-04-23 11:08:36,2022-04-23 13:42:29,847,デイズタウン,デイズタウン
962,2022-04-23 11:17:18,2022-04-23 11:28:40,77,ZOZOBASEつくば１,研究学園駅
963,2022-04-23 11:19:56,2022-04-23 16:01:58,1463,つくばスタートアップパーク（つくば市産業振興センター）,つくば駅（中央公園）
964,2022-04-23 11:20:00,2022-04-23 11:27:19,77,東光台東交差点（BLANDE研究学園店）,カスミフードスクエア学園の森店
965,2022-04-23 11:29:45,2022-04-23 11:38:18,77,ファミリーマートつくば葛城店,研究学園駅
966,2022-04-23 11:35:54,2022-04-23 11:45:25,77,二の宮公園,つくば駅（中央公園）
967,2022-04-23 11:52:32,2022-04-23 11:59:58,77,学園南公園,研究学園駅
968,2022-04-23 11:53:09,2022-04-23 13:01:08,385,MeeToco 筑波ハム,MeeToco 筑波ハム
969,2022-04-23 11:59:56,2022-04-23 12:17:42,154,LALAガーデンつくば,イーアスつくば
970,2022-04-23 12:01:55,2022-04-23 18:16:30,1500,研究学園駅,デイズタウン
971,2022-04-23 12:11:30,2022-04-23 17:08:37,1500,研究学園駅,つくば駅（中央公園）
972,2022-04-23 12:42:38,2022-04-23 13:24:04,231,東光台東交差点（BLANDE研究学園店）,研究学園駅
973,2022-04-23 13:12:59,2022-04-23 13:49:35,231,研究学園駅,東光台東交差点（BLANDE研究学園店）
974,2022-04-23 13:39:52,2022-04-23 13:55:03,154,ZOZOBASEつくば２,つくば駅（中央公園）
975,2022-04-23 13:43:53,2022-04-23 16:10:03,770,カスミフードスクエア学園店,つくば駅（中央公園）
976,2022-04-23 13:51:36,2022-04-23 16:10:08,770,デイズタウン,つくば駅（中央公園）
977,2022-04-23 13:59:54,2022-04-23 14:13:51,77,東光台東交差点（BLANDE研究学園店）,イーアスつくば
978,2022-04-23 14:00:06,2022-04-23 14:29:07,154,つくばスタートアップパーク（つくば市産業振興センター）,東光台東交差点（BLANDE研究学園店）
979,2022-04-23 14:00:52,2022-04-23 14:13:45,77,東光台東交差点（BLANDE研究学園店）,イーアスつくば
980,2022-04-23 14:07:56,2022-04-23 17:11:23,1001,カスミ筑波大学店,カスミ筑波大学店
981,2022-04-23 14:29:34,2022-04-23 15:02:41,231,イーアスつくば,つくば駅（中央公園）
982,2022-04-23 14:53:14,2022-04-23 16:53:48,693,研究学園駅,研究学園駅
983,2022-04-23 15:01:23,2022-04-23 16:53:51,616,イーアスつくば,研究学園駅
984,2022-04-23 15:15:00,2022-04-23 17:11:07,616,つくば駅（中央公園）,つくば駅（中央公園）
985,2022-04-23 15:23:56,2022-04-23 15:34:49,77,つくば駅（中央公園）,LALAガーデンつくば
986,2022-04-23 15:42:15,2022-04-23 15:52:24,77,イーアスつくば,カスミフードスクエア学園の森店
987,2022-04-23 16:07:56,2022-04-23 16:45:52,231,つくば駅（中央公園）,ZOZOBASEつくば２
988,2022-04-23 16:11:11,2022-04-23 16:28:16,154,つくばスタートアップパーク（つくば市産業振興センター）,東光台東交差点（BLANDE研究学園店）
989,2022-04-23 16:25:21,2022-04-23 18:25:28,693,イーアスつくば,イーアスつくば
990,2022-04-23 16:29:58,2022-04-23 18:15:57,616,つくば駅（中央公園）,つくば駅（中央公園）
991,2022-04-23 16:41:11,2022-04-23 18:25:19,539,つくば市役所,イーアスつくば
992,2022-04-23 16:56:55,2022-04-23 18:15:26,462,カスミ筑波大学店,カスミ筑波大学店
993,2022-04-23 17:05:36,2022-04-23 17:28:28,154,研究学園駅,LALAガーデンつくば
994,2022-04-23 17:20:15,2022-04-23 20:50:09,1078,松代ショッピングセンター,松代ショッピングセンター
995,2022-04-23 17:33:22,2022-04-23 18:37:57,385,研究学園駅,デイズタウン
996,2022-04-23 17:48:03,2022-04-23 18:19:30,231,LALAガーデンつくば,つくば駅（中央公園）
997,2022-04-23 17:48:25,2022-04-23 19:04:09,462,ファミリーマート筑波記念病院前店,カスミ筑波大学店
998,2022-04-23 18:01:31,2022-04-23 18:18:33,154,カスミ筑波大学店,研究学園駅
999,2022-04-23 18:27:33,2022-04-23 18:56:46,154,松代ショッピングセンター,つくば駅（中央公園）
1000,2022-04-23 19:11:01,2022-04-23 19:23:06,77,ファミリーマートつくば葛城店,研究学園駅
1001,2022-04-23 19:13:46,2022-04-23 19:23:11,77,LALAガーデンつくば,つくば駅（中央公園）
1002,2022-04-23 19:59:58,2022-04-23 21:28:31,462,つくば駅（中央公園）,つくば駅（中央公園）
1003,2022-04-23 21:48:13,2022-04-23 21:56:41,77,つくば駅（中央公園）,カスミフードスクエア学園店
1004,2022-04-23 22:07:15,2022-04-23 22:21:58,77,研究学園駅,ファミリーマートつくば葛城店
1005,2022-04-23 22:12:26,2022-04-23 22:20:18,77,カスミフードスクエア学園店,つくば駅（中央公園）
1006,2022-04-23 22:53:46,2022-04-23 23:16:23,154,つくばスタートアップパーク（つくば市産業振興センター）,つくばスタートアップパーク（つくば市産業振興センター）
1007,2022-04-23 23:24:12,2022-04-23 23:45:47,154,研究学園駅,MeeToco 筑波ハム
1008,2022-04-24 06:29:33,2022-04-24 06:43:44,77,松代ショッピングセンター,つくば駅（中央公園）
1009,2022-04-24 06:55:44,2022-04-24 07:27:18,231,カスミ筑波大学店,カスミフードスクエア学園店
1010,2022-04-24 08:50:58,2022-04-24 09:01:51,77,つくば駅（中央公園）,カスミ筑波大学店
1011,2022-04-24 09:12:35,2022-04-24 09:25:52,77,カスミフードスクエア学園の森店,研究学園駅
1012,2022-04-24 09:37:34,2022-04-24 09:51:33,77,カスミフードスクエア学園の森店,カスミフードスクエア学園の森店
1013,2022-04-24 09:44:06,2022-04-24 10:33:27,308,イーアスつくば,イーアスつくば
1014,2022-04-24 10:08:04,2022-04-24 10:20:19,77,研究学園駅,ZOZOBASEつくば１
1015,2022-04-24 10:14:37,2022-04-24 10:39:17,154,デイズタウン,イーアスつくば
1016,2022-04-24 11:11:33,2022-04-24 11:18:59,77,学園南公園,ZOZOBASEつくば１
1017,2022-04-24 11:16:26,2022-04-24 14:20:46,1001,イーアスつくば,カスミフードスクエア学園の森店
1018,2022-04-24 11:18:03,2022-04-24 13:23:37,693,つくば駅（中央公園）,つくば駅（中央公園）
1019,2022-04-24 11:30:20,2022-04-24 12:29:46,308,つくば駅（中央公園）,イーアスつくば
1020,2022-04-24 11:50:58,2022-04-24 11:57:42,77,東光台東交差点（BLANDE研究学園店）,イーアスつくば
1021,2022-04-24 11:55:48,2022-04-24 12:07:09,77,ファミリーマートつくば葛城店,研究学園駅
1022,2022-04-24 12:06:09,2022-04-24 13:07:55,385,カスミ筑波大学店,イーアスつくば
1023,2022-04-24 12:06:25,2022-04-24 13:07:54,385,カスミ筑波大学店,イーアスつくば
1024,2022-04-24 12:17:46,2022-04-24 12:38:35,154,イーアスつくば,東光台東交差点（BLANDE研究学園店）
1025,2022-04-24 12:26:45,2022-04-24 13:41:50,462,松代ショッピングセンター,松代ショッピングセンター
1026,2022-04-24 12:26:51,2022-04-24 12:46:57,154,イーアスつくば,つくば駅（中央公園）
1027,2022-04-24 12:30:25,2022-04-24 20:15:04,1500,ZOZOBASEつくば２,ZOZOBASEつくば２
1028,2022-04-24 12:45:03,2022-04-24 14:24:43,539,研究学園駅,研究学園駅
1029,2022-04-24 12:46:39,2022-04-24 13:42:22,308,松代ショッピングセンター,松代ショッピングセンター
1030,2022-04-24 13:05:58,2022-04-24 13:11:58,77,イーアスつくば,研究学園駅
1031,2022-04-24 13:06:06,2022-04-24 13:12:06,77,イーアスつくば,研究学園駅
1032,2022-04-24 13:10:05,2022-04-24 13:22:06,77,デイズタウン,つくば駅（中央公園）
1033,2022-04-24 13:25:06,2022-04-24 13:41:47,154,研究学園駅,カスミフードスクエア学園の森店
1034,2022-04-24 13:25:16,2022-04-24 13:41:35,154,研究学園駅,カスミフードスクエア学園の森店
1035,2022-04-24 14:00:39,2022-04-24 14:33:00,231,つくば駅（中央公園）,MeeToco 筑波ハム
1036,2022-04-24 14:01:09,2022-04-24 14:37:57,231,つくば駅（中央公園）,MeeToco 筑波ハム
1037,2022-04-24 14:16:15,2022-04-24 14:26:14,77,つくば駅（中央公園）,二の宮公園
1038,2022-04-24 16:46:33,2022-04-24 17:03:19,154,カスミフードスクエア学園の森店,研究学園駅
1039,2022-04-24 16:46:51,2022-04-24 17:03:18,154,カスミフードスクエア学園の森店,研究学園駅
1040,2022-04-24 21:19:15,2022-04-24 21:29:19,77,東光台東交差点（BLANDE研究学園店）,研究学園駅
1041,2022-04-24 21:33:40,2022-04-24 21:46:55,77,カスミ筑波大学店,つくば駅（中央公園）
1042,2022-04-24 22:09:53,2022-04-24 23:08:19,308,学園南公園,学園南公園
1043,2022-04-24 22:11:56,2022-04-24 22:24:22,77,イーアスつくば,ファミリーマート筑波記念病院前店
1044,2022-04-24 22:51:18,2022-04-24 23:18:59,154,つくば駅（中央公園）,松代ショッピングセンター
1045,2022-04-24 23:00:54,2022-04-24 23:13:28,77,イーアスつくば,カスミ筑波大学店
1046,2022-04-24 23:25:22,2022-04-24 23:32:50,77,研究学園駅,東光台東交差点（BLANDE研究学園店）
1047,2022-04-24 23:52:22,2022-04-25 00:00:13,77,研究学園駅,ファミリーマートつくば葛城店
1048,2022-04-25 00:24:30,2022-04-25 00:34:12,77,デイズタウン,つくばスタートアップパーク（つくば市産業振興センター）
1049,2022-04-25 00:47:25,2022-04-25 00:59:56,77,つくば駅（中央公園）,カスミ筑波大学店
1050,2022-04-25 05:59:25,2022-04-25 06:12:05,77,カスミフードスクエア学園の森店,研究学園駅
1051,2022-04-25 06:58:29,2022-04-25 07:09:01,77,研究学園駅,ZOZOBASEつくば１
1052,2022-04-25 07:35:56,2022-04-25 07:50:15,77,ZOZOBASEつくば２,つくば駅（中央公園）
1053,2022-04-25 07:37:58,2022-04-25 07:52:06,77,カスミ筑波大学店,東光台東交差点（BLANDE研究学園店）
1054,2022-04-25 07:59:16,2022-04-25 08:08:50,77,つくば駅（中央公園）,二の宮公園
1055,2022-04-25 08:18:01,2022-04-25 08:25:56,77,つくば駅（中央公園）,二の宮公園
1056,2022-04-25 08:19:37,2022-04-25 17:32:01,1885,つくば駅（中央公園）,つくば駅（中央公園）
1057,2022-04-25 08:21:10,2022-04-25 08:30:43,77,研究学園駅,ZOZOBASEつくば１
1058,2022-04-25 08:30:56,2022-04-25 08:34:15,77,研究学園駅,つくば市役所
1059,2022-04-25 09:04:38,2022-04-25 09:55:01,308,MeeToco 筑波ハム,つくば市役所
1060,2022-04-25 09:09:32,2022-04-25 09:16:42,77,つくば駅（中央公園）,LALAガーデンつくば
1061,2022-04-25 09:12:25,2022-04-25 10:31:52,462,つくば駅（中央公園）,つくば駅（中央公園）
1062,2022-04-25 10:07:12,2022-04-25 10:26:27,154,カスミ筑波大学店,つくば市役所
1063,2022-04-25 10:11:26,2022-04-25 11:51:15,539,つくば市役所,MeeToco 筑波ハム
1064,2022-04-25 11:36:48,2022-04-25 11:47:22,77,東光台東交差点（BLANDE研究学園店）,研究学園駅
1065,2022-04-25 11:37:20,2022-04-25 11:48:45,77,カスミ筑波大学店,つくば駅（中央公園）
1066,2022-04-25 11:39:36,2022-04-25 12:20:35,231,つくば駅（中央公園）,つくば駅（中央公園）
1067,2022-04-25 12:16:45,2022-04-25 12:25:54,77,カスミフードスクエア学園店,二の宮公園
1068,2022-04-25 12:18:44,2022-04-25 12:28:06,77,研究学園駅,東光台東交差点（BLANDE研究学園店）
1069,2022-04-25 12:28:02,2022-04-25 14:14:40,616,つくばスタートアップパーク（つくば市産業振興センター）,研究学園駅
1070,2022-04-25 12:46:40,2022-04-25 13:01:17,77,カスミフードスクエア学園の森店,つくば市役所
1071,2022-04-25 13:18:20,2022-04-25 13:24:48,77,東光台東交差点（BLANDE研究学園店）,つくば市役所
1072,2022-04-25 13:55:44,2022-04-25 14:03:21,77,つくば市役所,ZOZOBASEつくば１
1073,2022-04-25 15:34:33,2022-04-25 15:55:18,154,MeeToco 筑波ハム,MeeToco 筑波ハム
1074,2022-04-25 16:17:37,2022-04-25 16:30:38,77,東光台東交差点（BLANDE研究学園店）,研究学園駅
1075,2022-04-25 16:17:38,2022-04-25 16:30:36,77,東光台東交差点（BLANDE研究学園店）,研究学園駅
1076,2022-04-25 16:21:34,2022-04-25 16:31:59,77,ZOZOBASEつくば１,研究学園駅
1077,2022-04-25 16:59:07,2022-04-25 17:09:30,77,ZOZOBASEつくば１,研究学園駅
1078,2022-04-25 17:06:41,2022-04-25 17:19:57,77,つくば駅（中央公園）,カスミ筑波大学店
1079,2022-04-25 17:11:27,2022-04-25 18:03:24,308,つくば駅（中央公園）,つくばスタートアップパーク（つくば市産業振興センター）
1080,2022-04-25 17:11:34,2022-04-25 20:14:40,1001,MeeToco 筑波ハム,カスミ筑波大学店
1081,2022-04-25 17:18:18,2022-04-25 17:29:51,77,ZOZOBASEつくば１,研究学園駅
1082,2022-04-25 17:29:06,2022-04-25 17:51:47,154,カスミ筑波大学店,イーアスつくば
1083,2022-04-25 17:34:47,2022-04-25 17:42:19,77,LALAガーデンつくば,つくば駅（中央公園）
1084,2022-04-25 18:22:52,2022-04-25 18:36:25,77,研究学園駅,東光台東交差点（BLANDE研究学園店）
1085,2022-04-25 18:33:47,2022-04-25 18:49:53,154,イーアスつくば,カスミ筑波大学店
1086,2022-04-25 19:03:10,2022-04-25 19:24:45,154,研究学園駅,ZOZOBASEつくば２
1087,2022-04-25 19:04:38,2022-04-25 19:13:33,77,二の宮公園,つくば駅（中央公園）
1088,2022-04-25 19:17:51,2022-04-25 19:37:09,154,ZOZOBASEつくば１,LALAガーデンつくば
1089,2022-04-25 19:18:10,2022-04-25 19:32:07,77,つくば駅（中央公園）,松代ショッピングセンター
1090,2022-04-25 19:26:39,2022-04-25 19:27:29,77,ファミリーマートつくば葛城店,ファミリーマートつくば葛城店
1091,2022-04-25 19:28:02,2022-04-25 19:41:12,77,ファミリーマートつくば葛城店,カスミ筑波大学店
1092,2022-04-25 19:44:24,2022-04-25 19:51:35,77,つくば駅（中央公園）,ファミリーマートつくば葛城店
1093,2022-04-25 20:25:19,2022-04-25 20:34:00,77,東光台東交差点（BLANDE研究学園店）,研究学園駅
1094,2022-04-25 20:32:05,2022-04-25 21:51:29,462,カスミ筑波大学店,つくば駅（中央公園）
1095,2022-04-25 20:40:44,2022-04-25 22:01:48,462,研究学園駅,研究学園駅
1096,2022-04-25 20:40:44,2022-04-25 22:01:58,462,研究学園駅,研究学園駅
1097,2022-04-25 20:50:54,2022-04-25 20:55:42,77,二の宮公園,デイズタウン
1098,2022-04-25 21:33:41,2022-04-25 21:41:35,77,研究学園駅,東光台東交差点（BLANDE研究学園店）
1099,2022-04-25 21:54:50,2022-04-25 22:10:07,154,研究学園駅,東光台東交差点（BLANDE研究学園店）
1100,2022-04-25 21:59:33,2022-04-25 22:39:43,231,つくばスタートアップパーク（つくば市産業振興センター）,ZOZOBASEつくば２
1101,2022-04-25 22:16:29,2022-04-25 22:25:28,77,つくば駅（中央公園）,カスミ筑波大学店
1102,2022-04-25 22:20:52,2022-04-25 22:29:31,77,研究学園駅,東光台東交差点（BLANDE研究学園店）
1103,2022-04-25 22:49:59,2022-04-25 23:01:07,77,つくば駅（中央公園）,ZOZOBASEつくば２
1104,2022-04-25 22:50:31,2022-04-25 22:59:26,77,つくば駅（中央公園）,LALAガーデンつくば
1105,2022-04-25 23:17:21,2022-04-25 23:31:07,77,カスミフードスクエア学園の森店,つくばスタートアップパーク（つくば市産業振興センター）
1106,2022-04-25 23:55:32,2022-04-26 00:05:44,77,研究学園駅,カスミフードスクエア学園の森店
1107,2022-04-26 05:46:32,2022-04-26 05:55:47,77,二の宮公園,つくば駅（中央公園）
1108,2022-04-26 07:21:11,2022-04-26 07:30:45,77,研究学園駅,ZOZOBASEつくば１
1109,2022-04-26 07:38:21,2022-04-26 07:52:05,77,ZOZOBASEつくば２,つくば駅（中央公園）
1110,2022-04-26 07:50:16,2022-04-26 08:02:09,77,つくば市役所,科学万博記念公園
1111,2022-04-26 07:55:41,2022-04-26 08:04:59,77,つくば駅（中央公園）,二の宮公園
1112,2022-04-26 08:26:54,2022-04-26 08:35:06,77,研究学園駅,ZOZOBASEつくば１
1113,2022-04-26 08:44:59,2022-04-26 08:54:04,77,つくば駅（中央公園）,二の宮公園
1114,2022-04-26 09:13:51,2022-04-26 09:20:57,77,ファミリーマートつくば葛城店,イーアスつくば
1115,2022-04-26 10:00:35,2022-04-26 13:34:41,1155,つくば駅（中央公園）,つくば駅（中央公園）
1116,2022-04-26 10:13:25,2022-04-26 10:19:34,77,研究学園駅,つくば市役所
1117,2022-04-26 10:51:36,2022-04-26 10:59:40,77,MeeToco 筑波ハム,研究学園駅
1118,2022-04-26 10:57:23,2022-04-26 11:06:13,77,つくば駅（中央公園）,カスミ筑波大学店
1119,2022-04-26 11:01:57,2022-04-26 11:49:44,308,つくば市役所,カスミ筑波大学店
1120,2022-04-26 11:35:36,2022-04-26 11:46:06,77,東光台東交差点（BLANDE研究学園店）,研究学園駅
1121,2022-04-26 12:06:26,2022-04-26 12:16:47,77,デイズタウン,つくばスタートアップパーク（つくば市産業振興センター）
1122,2022-04-26 12:09:42,2022-05-12 11:06:50,77,つくば市役所,研究学園駅
1123,2022-04-26 14:11:56,2022-04-26 14:22:34,77,研究学園駅,東光台東交差点（BLANDE研究学園店）
1124,2022-04-26 14:23:37,2022-04-26 14:33:00,77,カスミ筑波大学店,つくば駅（中央公園）
1125,2022-04-26 14:24:30,2022-04-26 15:14:43,308,カスミ筑波大学店,デイズタウン
1126,2022-04-26 14:39:20,2022-04-26 15:00:37,154,東光台東交差点（BLANDE研究学園店）,研究学園駅
1127,2022-04-26 15:05:32,2022-04-26 15:13:23,77,研究学園駅,MeeToco 筑波ハム
1128,2022-04-26 15:10:51,2022-04-26 16:26:25,462,つくば市役所,松代ショッピングセンター
1129,2022-04-26 15:38:46,2022-04-26 15:54:02,154,カスミフードスクエア学園の森店,研究学園駅
1130,2022-04-26 16:06:47,2022-04-26 16:16:04,77,東光台東交差点（BLANDE研究学園店）,研究学園駅
1131,2022-04-26 16:19:32,2022-04-26 16:34:02,77,カスミ筑波大学店,つくば駅（中央公園）
1132,2022-04-26 17:19:07,2022-04-26 17:31:22,77,ZOZOBASEつくば１,研究学園駅
1133,2022-04-26 17:30:35,2022-04-26 17:38:17,77,ZOZOBASEつくば１,研究学園駅
1134,2022-04-26 17:59:00,2022-04-26 18:22:53,154,研究学園駅,東光台東交差点（BLANDE研究学園店）
1135,2022-04-26 18:38:27,2022-04-26 18:45:01,77,LALAガーデンつくば,つくば駅（中央公園）
1136,2022-04-26 18:39:15,2022-04-26 19:00:57,154,ファミリーマート筑波記念病院前店,つくば駅（中央公園）
1137,2022-04-26 18:45:40,2022-04-26 18:51:52,77,つくば駅（中央公園）,ファミリーマートつくば葛城店
1138,2022-04-26 18:59:56,2022-04-26 19:08:05,77,つくば駅（中央公園）,カスミ筑波大学店
1139,2022-04-26 19:55:45,2022-04-26 20:10:14,77,つくば駅（中央公園）,ZOZOBASEつくば２
1140,2022-04-26 20:18:20,2022-04-26 20:29:50,77,ZOZOBASEつくば１,研究学園駅
1141,2022-04-26 20:22:47,2022-04-26 20:45:36,154,東光台東交差点（BLANDE研究学園店）,研究学園駅
1142,2022-04-26 20:49:30,2022-04-26 21:02:05,77,つくば駅（中央公園）,カスミ筑波大学店
1143,2022-04-26 21:46:06,2022-04-26 22:05:54,154,二の宮公園,松代ショッピングセンター
1144,2022-04-26 22:35:49,2022-04-26 22:43:15,77,研究学園駅,東光台東交差点（BLANDE研究学園店）
1145,2022-04-26 22:40:11,2022-04-26 22:55:55,154,二の宮公園,LALAガーデンつくば
1146,2022-04-26 22:50:28,2022-04-26 23:07:42,154,つくば駅（中央公園）,松代ショッピングセンター
1147,2022-04-26 22:57:19,2022-04-26 23:11:57,77,研究学園駅,カスミフードスクエア学園の森店
1148,2022-04-26 23:25:37,2022-04-26 23:34:42,77,LALAガーデンつくば,つくば駅（中央公園）
1149,2022-04-27 00:28:46,2022-04-27 00:43:03,77,つくば駅（中央公園）,カスミ筑波大学店
1150,2022-04-27 05:58:06,2022-04-27 06:07:32,77,カスミ筑波大学店,つくば駅（中央公園）
1151,2022-04-27 07:26:19,2022-04-27 07:35:11,77,研究学園駅,ZOZOBASEつくば１
1152,2022-04-27 07:28:10,2022-04-27 07:40:45,77,研究学園駅,科学万博記念公園
1153,2022-04-27 07:28:12,2022-04-27 07:40:50,77,研究学園駅,ZOZOBASEつくば１
1154,2022-04-27 07:45:40,2022-04-27 08:00:58,154,カスミ筑波大学店,東光台東交差点（BLANDE研究学園店）
1155,2022-04-27 08:21:00,2022-04-27 08:31:13,77,研究学園駅,ZOZOBASEつくば１
1156,2022-04-27 08:30:48,2022-04-27 08:46:20,154,研究学園駅,MeeToco 筑波ハム
1157,2022-04-27 08:44:53,2022-04-27 08:54:44,77,つくば駅（中央公園）,二の宮公園
1158,2022-04-27 08:49:09,2022-04-27 09:01:06,77,カスミフードスクエア学園の森店,研究学園駅
1159,2022-04-27 08:56:01,2022-04-27 09:05:31,77,つくば駅（中央公園）,LALAガーデンつくば
1160,2022-04-27 09:23:13,2022-04-27 11:16:18,616,研究学園駅,研究学園駅
1161,2022-04-27 09:33:48,2022-04-27 09:43:35,77,つくば駅（中央公園）,二の宮公園
1162,2022-04-27 10:17:12,2022-04-27 10:24:59,77,つくば駅（中央公園）,二の宮公園
1163,2022-04-27 10:17:36,2022-04-27 10:28:09,77,つくば駅（中央公園）,カスミ筑波大学店
1164,2022-04-27 10:38:19,2022-04-27 12:07:31,462,イーアスつくば,二の宮公園
1165,2022-04-27 10:39:41,2022-04-27 10:48:33,77,ZOZOBASEつくば１,ZOZOBASEつくば１
1166,2022-04-27 11:23:32,2022-04-27 11:30:37,77,研究学園駅,東光台東交差点（BLANDE研究学園店）
1167,2022-04-27 11:43:04,2022-04-27 14:16:58,847,つくば駅（中央公園）,つくば駅（中央公園）
1168,2022-04-27 11:43:08,2022-04-27 14:16:44,847,つくば駅（中央公園）,つくば駅（中央公園）
1169,2022-04-27 12:06:59,2022-04-27 12:17:52,77,カスミ筑波大学店,つくば駅（中央公園）
1170,2022-04-27 12:09:00,2022-04-27 12:51:31,231,ZOZOBASEつくば１,ZOZOBASEつくば１
1171,2022-04-27 12:51:48,2022-04-27 13:04:07,77,研究学園駅,MeeToco 筑波ハム
1172,2022-04-27 13:13:49,2022-04-27 13:25:21,77,ZOZOBASEつくば１,研究学園駅
1173,2022-04-27 13:52:58,2022-04-27 15:15:08,462,研究学園駅,イーアスつくば
1174,2022-04-27 14:21:26,2022-04-27 14:32:39,77,イーアスつくば,カスミフードスクエア学園の森店
1175,2022-04-27 16:41:42,2022-04-27 16:53:07,77,ファミリーマート筑波記念病院前店,カスミフードスクエア学園の森店
1176,2022-04-27 17:22:10,2022-04-27 17:33:01,77,カスミフードスクエア学園の森店,ファミリーマート筑波記念病院前店
1177,2022-04-27 17:22:33,2022-04-27 17:31:17,77,ZOZOBASEつくば１,研究学園駅
1178,2022-04-27 17:27:54,2022-04-27 17:59:08,231,イーアスつくば,研究学園駅
1179,2022-04-27 17:35:29,2022-04-27 17:47:05,77,研究学園駅,東光台東交差点（BLANDE研究学園店）
1180,2022-04-27 17:47:22,2022-04-27 17:57:57,77,カスミ筑波大学店,つくば駅（中央公園）
1181,2022-04-27 18:00:24,2022-04-27 18:10:55,77,LALAガーデンつくば,つくば駅（中央公園）
1182,2022-04-27 18:21:47,2022-04-27 18:36:24,77,つくばスタートアップパーク（つくば市産業振興センター）,MeeToco 筑波ハム
1183,2022-04-27 19:07:02,2022-04-27 19:15:51,77,二の宮公園,つくば駅（中央公園）
1184,2022-04-27 19:24:46,2022-04-27 19:36:37,77,LALAガーデンつくば,つくば駅（中央公園）
1185,2022-04-27 19:36:15,2022-04-27 19:59:17,154,ZOZOBASEつくば１,LALAガーデンつくば
1186,2022-04-27 19:49:33,2022-04-27 19:57:14,77,つくば駅（中央公園）,ファミリーマートつくば葛城店
1187,2022-04-27 20:19:38,2022-04-27 20:32:58,77,研究学園駅,カスミフードスクエア学園の森店
1188,2022-04-27 20:20:49,2022-04-27 20:28:06,77,研究学園駅,東光台東交差点（BLANDE研究学園店）
1189,2022-04-27 21:23:57,2022-04-27 21:42:20,154,研究学園駅,学園南公園
1190,2022-04-27 21:46:14,2022-04-27 21:58:15,77,東光台東交差点（BLANDE研究学園店）,研究学園駅
1191,2022-04-27 22:12:47,2022-04-27 22:21:55,77,二の宮公園,つくば駅（中央公園）
1192,2022-04-27 22:26:22,2022-04-27 22:37:39,77,科学万博記念公園,研究学園駅
1193,2022-04-27 23:05:07,2022-04-27 23:11:30,77,研究学園駅,東光台東交差点（BLANDE研究学園店）
1194,2022-04-27 23:10:39,2022-04-27 23:25:05,77,研究学園駅,つくば市役所
1195,2022-04-27 23:15:14,2022-04-27 23:24:26,77,つくば駅（中央公園）,カスミ筑波大学店
1196,2022-04-27 23:29:47,2022-04-27 23:36:51,77,つくば駅（中央公園）,カスミフードスクエア学園店
1197,2022-04-28 00:01:48,2022-04-28 00:15:45,77,つくば市役所,カスミフードスクエア学園の森店
1198,2022-04-28 00:15:05,2022-04-28 00:22:50,77,つくば駅（中央公園）,LALAガーデンつくば
1199,2022-04-28 01:32:24,2022-04-28 01:51:44,154,つくば駅（中央公園）,LALAガーデンつくば
1200,2022-04-28 04:30:11,2022-04-28 04:41:54,77,LALAガーデンつくば,つくば駅（中央公園）
1201,2022-04-28 05:38:15,2022-04-28 05:48:31,77,二の宮公園,つくば駅（中央公園）
1202,2022-04-28 06:45:46,2022-04-28 06:55:30,77,二の宮公園,つくば駅（中央公園）
1203,2022-04-28 08:16:50,2022-04-28 10:45:37,770,つくば駅（中央公園）,カスミ筑波大学店
1204,2022-04-28 08:44:48,2022-04-28 08:54:39,77,つくば駅（中央公園）,二の宮公園
1205,2022-04-28 08:56:21,2022-04-28 09:07:34,77,つくば駅（中央公園）,LALAガーデンつくば
1206,2022-04-28 10:43:28,2022-04-28 12:00:33,462,つくば駅（中央公園）,つくば駅（中央公園）
1207,2022-04-28 10:49:46,2022-04-28 11:03:44,77,つくば駅（中央公園）,カスミ筑波大学店
1208,2022-04-28 11:01:18,2022-04-28 11:08:32,77,MeeToco 筑波ハム,研究学園駅
1209,2022-04-28 11:11:36,2022-04-28 11:43:02,231,カスミ筑波大学店,イーアスつくば
1210,2022-04-28 11:20:57,2022-04-28 11:38:31,154,ZOZOBASEつくば２,つくば駅（中央公園）
1211,2022-04-28 11:21:26,2022-04-28 11:55:21,231,研究学園駅,研究学園駅
1212,2022-04-28 11:39:17,2022-04-28 11:52:59,77,カスミフードスクエア学園の森店,研究学園駅
1213,2022-04-28 12:40:29,2022-04-28 13:02:07,154,イーアスつくば,カスミ筑波大学店
1214,2022-04-28 13:26:02,2022-04-28 14:45:15,462,研究学園駅,研究学園駅
1215,2022-04-28 13:47:38,2022-04-28 13:59:57,77,研究学園駅,カスミフードスクエア学園の森店
1216,2022-04-28 13:49:06,2022-04-28 14:20:59,231,科学万博記念公園,研究学園駅
1217,2022-04-28 14:10:26,2022-04-28 14:25:08,77,カスミフードスクエア学園の森店,イーアスつくば
1218,2022-04-28 14:10:36,2022-04-28 14:18:29,77,東光台東交差点（BLANDE研究学園店）,研究学園駅
1219,2022-04-28 14:18:07,2022-04-28 14:27:25,77,つくば駅（中央公園）,カスミ筑波大学店
1220,2022-04-28 14:55:49,2022-04-28 15:03:04,77,ファミリーマートつくば葛城店,つくば駅（中央公園）
1221,2022-04-28 15:07:21,2022-04-28 15:34:35,154,つくば市役所,つくば駅（中央公園）
1222,2022-04-28 15:16:59,2022-04-28 15:31:38,77,カスミフードスクエア学園の森店,東光台東交差点（BLANDE研究学園店）
1223,2022-04-28 15:32:49,2022-04-28 15:41:53,77,イーアスつくば,MeeToco 筑波ハム
1224,2022-04-28 15:47:09,2022-04-28 15:56:50,77,二の宮公園,つくば駅（中央公園）
1225,2022-04-28 17:21:26,2022-04-28 17:31:02,77,ファミリーマートつくば葛城店,イーアスつくば
1226,2022-04-28 17:29:12,2022-04-28 18:27:21,308,研究学園駅,研究学園駅
1227,2022-04-28 17:37:58,2022-04-28 17:52:32,77,カスミフードスクエア学園店,カスミフードスクエア学園店
1228,2022-04-28 17:38:10,2022-04-28 17:48:44,77,カスミフードスクエア学園の森店,研究学園駅
1229,2022-04-28 17:53:41,2022-04-28 18:00:47,77,東光台東交差点（BLANDE研究学園店）,カスミフードスクエア学園の森店
1230,2022-04-28 18:42:39,2022-04-28 23:15:54,1463,松代ショッピングセンター,ファミリーマートつくば葛城店
1231,2022-04-28 18:56:08,2022-04-28 23:41:36,1500,二の宮公園,デイズタウン
1232,2022-04-28 19:50:08,2022-04-28 19:59:37,77,イーアスつくば,ファミリーマートつくば葛城店
1233,2022-04-28 21:14:39,2022-04-28 21:27:06,77,カスミフードスクエア学園店,松代ショッピングセンター
1234,2022-04-28 21:14:44,2022-04-28 21:28:58,77,科学万博記念公園,研究学園駅
1235,2022-04-28 21:24:42,2022-04-28 21:36:48,77,つくば駅（中央公園）,LALAガーデンつくば
1236,2022-04-28 21:46:18,2022-04-28 21:57:30,77,東光台東交差点（BLANDE研究学園店）,研究学園駅
1237,2022-04-28 21:57:16,2022-04-28 22:03:32,77,研究学園駅,東光台東交差点（BLANDE研究学園店）
1238,2022-04-28 22:16:20,2022-04-28 22:43:57,154,つくば駅（中央公園）,ZOZOBASEつくば２
1239,2022-04-28 22:35:02,2022-04-28 22:42:05,77,研究学園駅,東光台東交差点（BLANDE研究学園店）
1240,2022-04-28 23:29:48,2022-04-28 23:38:51,77,つくば駅（中央公園）,LALAガーデンつくば
1241,2022-04-28 23:31:31,2022-04-28 23:50:36,154,つくば駅（中央公園）,デイズタウン
1242,2022-04-28 23:39:01,2022-04-29 01:45:50,693,研究学園駅,デイズタウン
1243,2022-04-29 00:45:00,2022-04-29 00:46:02,77,研究学園駅,研究学園駅
1244,2022-04-29 07:00:12,2022-04-29 07:08:49,77,研究学園駅,ZOZOBASEつくば１
1245,2022-04-29 07:38:36,2022-04-29 07:51:20,77,カスミ筑波大学店,つくば駅（中央公園）
1246,2022-04-29 07:41:29,2022-04-29 07:48:02,77,東光台東交差点（BLANDE研究学園店）,研究学園駅
1247,2022-04-29 07:42:54,2022-04-29 07:53:23,77,つくば駅（中央公園）,カスミ筑波大学店
1248,2022-04-29 08:10:49,2022-04-29 08:31:45,154,つくば駅（中央公園）,つくば駅（中央公園）
1249,2022-04-29 08:37:53,2022-04-29 10:31:19,616,研究学園駅,研究学園駅
1250,2022-04-29 09:13:41,2022-04-29 09:29:48,154,ファミリーマートつくば葛城店,研究学園駅
1251,2022-04-29 09:21:57,2022-04-29 09:30:45,77,研究学園駅,ファミリーマートつくば葛城店
1252,2022-04-29 10:12:16,2022-04-29 10:23:57,77,研究学園駅,ZOZOBASEつくば１
1253,2022-04-29 10:42:38,2022-04-29 11:11:45,154,ファミリーマートつくば葛城店,つくば駅（中央公園）
1254,2022-04-29 11:15:42,2022-04-29 11:24:28,77,カスミ筑波大学店,つくば駅（中央公園）
1255,2022-04-29 11:17:58,2022-04-29 11:36:41,154,つくば駅（中央公園）,二の宮公園
1256,2022-04-29 11:18:56,2022-04-29 13:26:56,693,カスミ筑波大学店,カスミ筑波大学店
1257,2022-04-29 11:35:51,2022-04-29 11:45:34,77,東光台東交差点（BLANDE研究学園店）,研究学園駅
1258,2022-04-29 11:38:45,2022-04-29 11:47:39,77,二の宮公園,つくば駅（中央公園）
1259,2022-04-29 12:34:04,2022-04-29 13:21:31,308,カスミ筑波大学店,カスミ筑波大学店
1260,2022-04-29 12:59:58,2022-04-29 13:10:41,77,カスミ筑波大学店,つくば駅（中央公園）
1261,2022-04-29 13:35:22,2022-04-29 14:56:44,462,つくば駅（中央公園）,つくば駅（中央公園）
1262,2022-04-29 22:26:14,2022-04-29 22:52:13,154,研究学園駅,カスミフードスクエア学園の森店
1263,2022-04-29 22:36:18,2022-04-29 22:46:41,77,研究学園駅,ZOZOBASEつくば１
1264,2022-04-30 06:31:20,2022-04-30 07:00:55,154,カスミ筑波大学店,デイズタウン
1265,2022-04-30 06:33:11,2022-04-30 06:41:21,77,つくば駅（中央公園）,二の宮公園
1266,2022-04-30 06:59:09,2022-04-30 07:07:55,77,研究学園駅,ZOZOBASEつくば１
1267,2022-04-30 07:09:32,2022-04-30 14:28:23,1500,つくば駅（中央公園）,つくば駅（中央公園）
1268,2022-04-30 07:17:43,2022-04-30 07:28:35,77,カスミ筑波大学店,つくば駅（中央公園）
1269,2022-04-30 08:22:02,2022-04-30 10:10:02,616,松代ショッピングセンター,つくば駅（中央公園）
1270,2022-04-30 08:54:07,2022-04-30 09:02:46,77,二の宮公園,つくば駅（中央公園）
1271,2022-04-30 09:49:29,2022-04-30 10:01:54,77,MeeToco 筑波ハム,カスミフードスクエア学園の森店
1272,2022-04-30 10:06:15,2022-04-30 10:15:43,77,カスミフードスクエア学園の森店,研究学園駅
1273,2022-04-30 10:09:11,2022-04-30 10:21:39,77,東光台東交差点（BLANDE研究学園店）,研究学園駅
1274,2022-04-30 10:36:02,2022-04-30 10:54:13,154,カスミフードスクエア学園の森店,MeeToco 筑波ハム
1275,2022-04-30 10:36:06,2022-04-30 10:46:35,77,ファミリーマートつくば葛城店,研究学園駅
1276,2022-04-30 10:49:14,2022-04-30 11:04:11,77,つくば駅（中央公園）,カスミ筑波大学店
1277,2022-04-30 11:07:59,2022-04-30 11:27:29,154,カスミフードスクエア学園の森店,研究学園駅
1278,2022-04-30 11:08:30,2022-04-30 11:19:45,77,つくば駅（中央公園）,二の宮公園
1279,2022-04-30 11:21:29,2022-04-30 11:48:58,154,研究学園駅,つくば駅（中央公園）
1280,2022-04-30 11:48:18,2022-04-30 14:20:19,847,つくば駅（中央公園）,つくば駅（中央公園）
1281,2022-04-30 11:50:35,2022-04-30 14:20:28,770,つくば駅（中央公園）,つくば駅（中央公園）
1282,2022-04-30 11:51:31,2022-04-30 12:02:34,77,カスミ筑波大学店,つくば駅（中央公園）
1283,2022-04-30 12:11:40,2022-04-30 12:25:39,77,研究学園駅,東光台東交差点（BLANDE研究学園店）
1284,2022-04-30 13:07:39,2022-04-30 13:18:38,77,カスミフードスクエア学園の森店,イーアスつくば
1285,2022-04-30 14:26:53,2022-04-30 16:06:01,539,つくば駅（中央公園）,イーアスつくば
1286,2022-04-30 14:26:58,2022-04-30 16:05:57,539,つくば駅（中央公園）,イーアスつくば
1287,2022-04-30 14:32:08,2022-04-30 16:23:13,616,つくば駅（中央公園）,カスミフードスクエア学園店
1288,2022-04-30 14:37:18,2022-04-30 18:32:33,1232,つくば駅（中央公園）,研究学園駅
1289,2022-04-30 15:44:20,2022-04-30 15:57:09,77,学園南公園,学園南公園
1290,2022-04-30 16:12:11,2022-04-30 18:49:07,847,つくば駅（中央公園）,つくば駅（中央公園）
1291,2022-04-30 16:12:26,2022-04-30 18:48:49,847,つくば駅（中央公園）,つくば駅（中央公園）
1292,2022-04-30 16:13:47,2022-04-30 16:41:32,154,研究学園駅,つくば駅（中央公園）
1293,2022-04-30 16:18:22,2022-04-30 16:43:04,154,ファミリーマートつくば葛城店,東光台東交差点（BLANDE研究学園店）
1294,2022-04-30 16:21:46,2022-04-30 16:34:30,77,研究学園駅,カスミフードスクエア学園の森店
1295,2022-04-30 16:26:27,2022-04-30 17:09:02,231,つくばスタートアップパーク（つくば市産業振興センター）,つくば駅（中央公園）
1296,2022-04-30 16:37:03,2022-04-30 20:23:10,1232,つくばスタートアップパーク（つくば市産業振興センター）,研究学園駅
1297,2022-04-30 16:51:50,2022-04-30 18:47:08,616,つくば駅（中央公園）,つくば駅（中央公園）
1298,2022-04-30 17:17:02,2022-04-30 17:27:22,77,つくば駅（中央公園）,カスミ筑波大学店
1299,2022-04-30 18:17:28,2022-04-30 19:16:30,308,イーアスつくば,つくば駅（中央公園）
1300,2022-04-30 18:17:52,2022-04-30 19:16:29,308,イーアスつくば,つくば駅（中央公園）
1301,2022-04-30 18:26:22,2022-04-30 19:23:54,308,カスミフードスクエア学園店,つくば駅（中央公園）
1302,2022-04-30 19:07:04,2022-04-30 19:17:59,77,イーアスつくば,ファミリーマートつくば葛城店
1303,2022-04-30 20:20:06,2022-04-30 20:43:42,154,つくば駅（中央公園）,ファミリーマート筑波記念病院前店
1304,2022-04-30 20:21:03,2022-04-30 20:43:32,154,つくば駅（中央公園）,ファミリーマート筑波記念病院前店
1305,2022-04-30 21:07:30,2022-04-30 21:24:40,154,MeeToco 筑波ハム,つくば駅（中央公園）
1306,2022-04-30 21:40:01,2022-04-30 21:47:34,77,つくば駅（中央公園）,カスミ筑波大学店
1307,2022-04-30 22:01:53,2022-04-30 22:08:34,77,研究学園駅,東光台東交差点（BLANDE研究学園店）
1308,2022-04-30 22:39:14,2022-04-30 22:51:17,77,つくば駅（中央公園）,カスミ筑波大学店
1309,2022-04-30 23:01:14,2022-04-30 23:08:54,77,カスミ筑波大学店,つくば駅（中央公園）
1310,2022-04-30 23:07:06,2022-05-01 01:38:34,847,つくば駅（中央公園）,つくば駅（中央公園）
1311,2022-04-30 23:52:38,2022-05-01 00:02:46,77,研究学園駅,カスミフードスクエア学園の森店
